movie_id,actor_name
862,"Tom Hanks"
862,"Wallace Shawn"
862,"Laurie Metcalf"
862,"R. Lee Ermey"
8844,"Robin Williams"
8844,"Kirsten Dunst"
8844,"Bonnie Hunt"
31357,"Angela Bassett"
31357,"Mykelti Williamson"
31357,"Wesley Snipes"
949,"Al Pacino"
949,"Robert De Niro"
949,"Val Kilmer"
949,"Jon Voight"
949,"Tom Sizemore"
949,"Mykelti Williamson"
949,"Hank Azaria"
949,"Danny Trejo"
949,"Jeremy Piven"
949,"Xander Berkeley"
949,"Philip Ettington"
9091,"Jean-Claude Van Damme"
9091,"Raymond J. Barry"
710,"Pierce Brosnan"
710,"Famke Janssen"
710,"Joe Don Baker"
710,"Alan Cumming"
710,"Tchéky Karyo"
710,"Minnie Driver"
9087,"Michael Douglas"
9087,"Michael J. Fox"
9087,"Martin Sheen"
9087,"David Paymer"
9087,"Richard Dreyfuss"
9087,"John Mahoney"
10858,"Anthony Hopkins"
10858,"Ed Harris"
10858,"Bob Hoskins"
10858,"David Paymer"
10858,"Paul Sorvino"
10858,"J.T. Walsh"
10858,"James Woods"
10858,"Kevin Dunn"
10858,"Dan Hedaya"
10858,"Bridgette Wilson"
10858,"John Diehl"
10858,"John C. McGinley"
1408,"Matthew Modine"
1408,"Maury Chaykin"
524,"Robert De Niro"
524,"Sharon Stone"
524,"Joe Pesci"
524,"James Woods"
524,"Kevin Pollak"
524,"Richard Riehle"
4584,"Emma Thompson"
4584,"Hugh Grant"
4584,"Tom Wilkinson"
5,"Tim Roth"
5,"Antonio Banderas"
5,Madonna
5,"Bruce Willis"
5,"Lili Taylor"
5,"Paul Calderon"
5,"Salma Hayek"
9273,"Jim Carrey"
9273,"Simon Callow"
9273,"Bob Gunton"
11517,"Wesley Snipes"
11517,"Woody Harrelson"
11517,"Joe Grifasi"
11517,"Bill Nunn"
8012,"John Travolta"
8012,"Gene Hackman"
8012,"Danny DeVito"
8012,"Dennis Farina"
8012,"Delroy Lindo"
8012,"James Gandolfini"
8012,"David Paymer"
9691,"Sylvester Stallone"
9691,"Antonio Banderas"
9691,"Julianne Moore"
451,"Nicolas Cage"
451,"Elisabeth Shue"
451,"Laurie Metcalf"
9263,"Christina Ricci"
9263,"Rosie O'Donnell"
9263,"Melanie Griffith"
9263,"Demi Moore"
9263,"Cloris Leachman"
9263,"Janeane Garofalo"
9263,"Hank Azaria"
9263,"Bonnie Hunt"
9263,"Brendan Fraser"
902,"Ron Perlman"
63,"Bruce Willis"
63,"Brad Pitt"
63,"Christopher Plummer"
63,"David Morse"
9598,"Miriam Margolyes"
9598,"James Cromwell"
687,"Susan Sarandon"
687,"Sean Penn"
687,"Robert Prosky"
687,"Raymond J. Barry"
687,"R. Lee Ermey"
687,"Margo Martindale"
687,"Jack Black"
9312,"Bridgette Wilson"
577,"Nicole Kidman"
577,"Matt Dillon"
577,"Illeana Douglas"
577,"Dan Hedaya"
577,"Wayne Knight"
577,"Holland Taylor"
11861,"Winona Ryder"
11861,"Anne Bancroft"
11861,"Ellen Burstyn"
11861,"Alfre Woodard"
11861,"Rip Torn"
11861,"Claire Danes"
11861,"Holland Taylor"
11861,"Richard Jenkins"
11861,"Mykelti Williamson"
807,"Brad Pitt"
807,"Morgan Freeman"
807,"Gwyneth Paltrow"
807,"John C. McGinley"
807,"Kevin Spacey"
807,"R. Lee Ermey"
807,"Richard Schiff"
807,"Mark Boone Junior"
807,"Charles S. Dutton"
10530,"Mel Gibson"
10530,"David Ogden Stiers"
10530,"Frank Welker"
10530,"Jim Cummings"
629,"Gabriel Byrne"
629,"Chazz Palminteri"
629,"Kevin Pollak"
629,"Pete Postlethwaite"
629,"Kevin Spacey"
629,"Giancarlo Esposito"
629,"Dan Hedaya"
11448,"Woody Allen"
11448,"Mira Sorvino"
11448,"Helena Bonham Carter"
11448,"F. Murray Abraham"
11448,"Michael Rapaport"
11448,"David Ogden Stiers"
11448,"Jack Warden"
755,"Harvey Keitel"
755,"Juliette Lewis"
755,"Salma Hayek"
755,"Danny Trejo"
11859,"Christopher McDonald"
11859,"Salma Hayek"
11859,"Dan Hedaya"
11859,"Dan Hedaya"
36929,"Rick Moranis"
36929,"Tom Arnold"
36929,"Carol Kane"
36929,"Jeffrey Tambor"
400,"Andy García"
400,"Christopher Lloyd"
400,"William Forsythe"
400,"Bill Nunn"
400,"Jack Warden"
400,"Steve Buscemi"
400,"Christopher Walken"
10534,"Jeff Bridges"
10534,"John Savage"
10534,"Ethan Embry"
2086,"Johnny Depp"
2086,"Charles S. Dutton"
2086,"Christopher Walken"
9095,"Julia Roberts"
9095,"John Malkovich"
9095,"Michael Gambon"
9095,"Glenn Close"
12158,"Eddie Murphy"
12158,"Angela Bassett"
9208,"John Travolta"
9208,"Christian Slater"
9208,"Delroy Lindo"
9208,"Bob Gunton"
13685,"James Caan"
9614,"Ben Stiller"
9614,"Christopher McDonald"
688,"Meryl Streep"
688,"Clint Eastwood"
688,"Debra Monk"
197,"Mel Gibson"
197,"Brian Cox"
103,"Robert De Niro"
103,"Harvey Keitel"
103,"Jodie Foster"
103,"Peter Boyle"
103,"Albert Brooks"
103,"Victor Argo"
33542,"Jackie Chan"
78406,"Andy García"
78406,"Alan Arkin"
78406,"Joe Pantoliano"
78406,"David Ogden Stiers"
78406,"Holland Taylor"
11066,"Eddie Murphy"
11066,"Halle Berry"
2074,"Ben Stiller"
2074,"Patricia Arquette"
2074,"Lily Tomlin"
2074,"Richard Jenkins"
11863,"Chazz Palminteri"
11000,"Robin Williams"
11000,"Gene Hackman"
11000,"Dianne Wiest"
11000,"Hank Azaria"
9737,"Tchéky Karyo"
9737,"Joe Pantoliano"
9737,"Michael Imperioli"
9737,"Anna Levine"
9737,"Kevin Corrigan"
22279,"Hugh Grant"
568,"Tom Hanks"
568,"Bill Paxton"
568,"Kevin Bacon"
568,"Ed Harris"
568,"Kathleen Quinlan"
568,"Xander Berkeley"
568,"Clint Howard"
11780,"Liam Neeson"
11780,"Jessica Lange"
11780,"John Hurt"
11780,"Tim Roth"
11780,"Eric Stoltz"
11780,"Brian Cox"
414,"Val Kilmer"
414,"Tommy Lee Jones"
414,"Jim Carrey"
414,"Nicole Kidman"
414,"Chris O'Donnell"
414,"Pat Hingle"
414,"Drew Barrymore"
414,"Debi Mazar"
414,"Joe Grifasi"
5894,"Harvey Keitel"
5894,"Michael J. Fox"
5894,"Lily Tomlin"
5894,"Giancarlo Esposito"
5894,Madonna
5894,"Mira Sorvino"
5894,"Keith David"
5894,"Victor Argo"
5894,"Jared Harris"
1775,"John Candy"
1775,"Kevin Pollak"
1775,"Rip Torn"
1775,"Bill Nunn"
1775,"Jim Belushi"
1775,"Wallace Shawn"
1775,"Dan Aykroyd"
8839,"Christina Ricci"
8839,"Bill Pullman"
8839,"Cathy Moriarty"
8839,"Dan Aykroyd"
8839,"Clint Eastwood"
8839,"Mel Gibson"
20649,"Harvey Keitel"
20649,"John Turturro"
20649,"Delroy Lindo"
20649,"Keith David"
20649,"Michael Imperioli"
20649,"Paul Calderon"
20649,"Mike Starr"
20649,"Spike Lee"
20649,"Michael Badalucco"
10329,"Ernie Hudson"
10329,"Tim Curry"
10329,"Joe Don Baker"
10329,"Mary Ellen Trainor"
10329,"Delroy Lindo"
10329,"Joe Pantoliano"
8963,"Denzel Washington"
8963,"Gene Hackman"
8963,"Viggo Mortensen"
8963,"James Gandolfini"
8963,"Steve Zahn"
8068,"Antonio Banderas"
8068,"Salma Hayek"
8068,"Steve Buscemi"
8068,"Danny Trejo"
8512,"Denzel Washington"
8512,"Tom Sizemore"
8512,"Maury Chaykin"
1572,"Bruce Willis"
1572,"Samuel L. Jackson"
1572,"Colleen Camp"
6520,"Sean Connery"
6520,"Richard Gere"
6520,"John Gielgud"
10428,"Matthew Lillard"
9886,"Keanu Reeves"
9886,"Udo Kier"
9482,"Sylvester Stallone"
9482,"Rob Schneider"
9482,"Max von Sydow"
9071,"Steve Buscemi"
9071,"Kevin Corrigan"
2293,"Ben Affleck"
2293,"Michael Rooker"
1642,"Sandra Bullock"
36196,"Parker Posey"
36196,"Liev Schreiber"
11980,"Christopher Walken"
11980,"Elias Koteas"
11980,"Eric Stoltz"
11980,"Viggo Mortensen"
10533,"Demi Moore"
10533,"Gary Oldman"
10533,"Robert Duvall"
10533,"Robert Prosky"
10533,"Joan Plowright"
10802,"Gina Gershon"
10149,"Harvey Keitel"
10149,"William Hurt"
10149,"Giancarlo Esposito"
10149,"Jared Harris"
10149,"Forest Whitaker"
10149,"Stockard Channing"
10149,"Victor Argo"
9348,"Ben Kingsley"
9348,"Michael Madsen"
9348,"Alfred Molina"
9348,"Forest Whitaker"
9348,"Frank Welker"
281,"Angela Bassett"
281,"Tom Sizemore"
281,"Juliette Lewis"
281,"Vincent D'Onofrio"
281,"Richard Edson"
79593,"Daryl Hannah"
9560,"Keanu Reeves"
9804,"Kevin Costner"
9804,"Dennis Hopper"
9804,"Jack Black"
9804,"Michael Jeter"
11017,"Bridgette Wilson"
11017,"Bradley Whitford"
11017,"Steve Buscemi"
9382,"Whoopi Goldberg"
9382,"Drew Barrymore"
9382,"Matthew McConaughey"
9382,"James Remar"
1909,"Johnny Depp"
1909,"Faye Dunaway"
8984,"Michael Douglas"
8984,"Demi Moore"
8984,"Donald Sutherland"
8984,"Donal Logue"
8467,"Jim Carrey"
8467,"Jeff Daniels"
8467,"Mike Starr"
522,"Johnny Depp"
522,"Martin Landau"
522,"Sarah Jessica Parker"
522,"Patricia Arquette"
522,"Jeffrey Jones"
522,"Vincent D'Onofrio"
522,"Bill Murray"
522,"Mike Starr"
27303,"Jeff Goldblum"
27303,"Alfred Molina"
17207,"Phil Hartman"
17207,"Jeffrey Jones"
628,"Brad Pitt"
628,"Tom Cruise"
628,"Kirsten Dunst"
628,"Antonio Banderas"
628,"Christian Slater"
628,"Stephen Rea"
87729,"Nick Nolte"
87729,"Gwyneth Paltrow"
87729,"Simon Callow"
87729,"James Earl Jones"
6280,"Arnold Schwarzenegger"
6280,"Danny DeVito"
6280,"Emma Thompson"
11,"Harrison Ford"
11,"Carrie Fisher"
11,"James Earl Jones"
4476,"Brad Pitt"
4476,"Anthony Hopkins"
4476,"Aidan Quinn"
28313,"Jessica Lange"
28313,"Halle Berry"
28313,"David Strathairn"
28313,"Samuel L. Jackson"
3036,"Robert De Niro"
3036,"Kenneth Branagh"
3036,"Helena Bonham Carter"
3036,"Aidan Quinn"
3036,"Ian Holm"
3036,"John Cleese"
17402,"Sarah Jessica Parker"
17402,"Antonio Banderas"
17402,"Kevin Pollak"
1945,"Jodie Foster"
1945,"Liam Neeson"
241,"Woody Harrelson"
241,"Juliette Lewis"
241,"Robert Downey Jr."
241,"Tommy Lee Jones"
241,"Tom Sizemore"
241,"Jared Harris"
241,"Pruitt Taylor Vince"
241,"Joe Grifasi"
6950,"Dustin Hoffman"
6950,"Morgan Freeman"
6950,"Kevin Spacey"
6950,"Donald Sutherland"
101,"Gary Oldman"
101,"Danny Aiello"
101,"Michael Badalucco"
101,"George Martin"
63020,"Alfred Molina"
63020,"Anjelica Huston"
63020,"Chazz Palminteri"
680,"John Travolta"
680,"Samuel L. Jackson"
680,"Uma Thurman"
680,"Bruce Willis"
680,"Ving Rhames"
680,"Harvey Keitel"
680,"Eric Stoltz"
680,"Tim Roth"
680,"Christopher Walken"
680,"Steve Buscemi"
680,"Paul Calderon"
680,"Philip Ettington"
12106,"Sharon Stone"
12106,"Gene Hackman"
12106,"Leonardo DiCaprio"
12106,"Keith David"
12106,"Lance Henriksen"
12106,"Pat Hingle"
12106,"Mark Boone Junior"
161495,"Julianne Moore"
161495,"Ellen Burstyn"
3586,"Stephen Rea"
3586,"Rupert Everett"
3586,"Lili Taylor"
3586,"Forest Whitaker"
3586,"Richard E. Grant"
3586,"Julia Roberts"
3586,"Tim Robbins"
3586,"Danny Aiello"
22586,"John Cleese"
2636,"Sylvester Stallone"
2636,"Sharon Stone"
2636,"James Woods"
2636,"Rod Steiger"
2164,"Kurt Russell"
2164,"John Diehl"
11395,"Peter Boyle"
278,"Tim Robbins"
278,"Morgan Freeman"
278,"Bob Gunton"
278,"Philip Ettington"
9067,"Malcolm McDowell"
9067,"James Hong"
9067,"Richard Schiff"
193,"Patrick Stewart"
193,"William Shatner"
193,"Malcolm McDowell"
193,"Whoopi Goldberg"
25066,"Art Evans"
1587,"Johnny Depp"
1587,"Leonardo DiCaprio"
1587,"Juliette Lewis"
1587,"John C. Reilly"
9271,"Denzel Washington"
9271,"William Forsythe"
2064,"Sandra Bullock"
2064,"Bill Pullman"
2064,"Peter Gallagher"
2064,"Peter Boyle"
2064,"Jack Warden"
3049,"Jim Carrey"
3049,"Sean Young"
3049,"Udo Kier"
3049,"Alice Drummond"
10497,"Hugh Grant"
10497,"Kristin Scott Thomas"
9331,"Harrison Ford"
9331,"Willem Dafoe"
9331,"James Earl Jones"
10731,"Susan Sarandon"
10731,"Tommy Lee Jones"
10731,"Bradley Whitford"
10731,"Will Patton"
10731,"J.T. Walsh"
10731,"William H. Macy"
9495,"Ernie Hudson"
9495,"Anna Levine"
888,"John Goodman"
888,"Rick Moranis"
888,"Rosie O'Donnell"
888,"Halle Berry"
13,"Tom Hanks"
13,"Mykelti Williamson"
13,"Siobhan Fallon"
13,"Mary Ellen Trainor"
712,"Hugh Grant"
712,"Andie MacDowell"
712,"Simon Callow"
712,"Kristin Scott Thomas"
10879,"Nick Nolte"
10879,"James Rebhorn"
10879,"Julia Roberts"
10879,"Robert Loggia"
8587,"Matthew Broderick"
8587,"James Earl Jones"
8587,"Whoopi Goldberg"
8587,"Jim Cummings"
8587,"Frank Welker"
1689,"Keanu Reeves"
1689,"Bridget Fonda"
11596,"Robert Englund"
854,"Jim Carrey"
854,"Cameron Diaz"
36593,"Leslie Nielsen"
36593,"George Kennedy"
36593,"Kathleen Freeman"
36593,"James Earl Jones"
36593,"Elliott Gould"
36593,"James Earl Jones"
2788,"Winona Ryder"
2788,"Ben Stiller"
2788,"Janeane Garofalo"
2788,"Steve Zahn"
2788,"Joe Don Baker"
2788,"John Mahoney"
2788,"Keith David"
2788,"Renée Zellweger"
10427,"Nicolas Cage"
10427,"Dennis Hopper"
10427,"J.T. Walsh"
1637,"Keanu Reeves"
1637,"Dennis Hopper"
1637,"Sandra Bullock"
1637,"Joe Morton"
1637,"Jeff Daniels"
1637,"Beth Grant"
1637,"Richard Schiff"
8831,"Jean-Claude Van Damme"
8831,"Bruce McGill"
36955,"Arnold Schwarzenegger"
36955,"Jamie Lee Curtis"
36955,"Tom Arnold"
36955,"Bill Paxton"
36955,"Charlton Heston"
12160,"Kevin Costner"
12160,"Dennis Quaid"
12160,"Gene Hackman"
12160,"Michael Madsen"
12160,"Catherine O'Hara"
12160,"Bill Pullman"
12160,"Tom Sizemore"
26352,"Charles S. Dutton"
22067,"Forest Whitaker"
11667,"Jean-Claude Van Damme"
11667,"Simon Callow"
2654,"Sam Neill"
2654,"David Warner"
2654,"Charlton Heston"
10436,"Michelle Pfeiffer"
10436,"Winona Ryder"
10436,"Jonathan Pryce"
10436,"Richard E. Grant"
10436,"Miriam Margolyes"
46094,"Kevin Bacon"
306,"Eddie Murphy"
306,"Héctor Elizondo"
4722,"Forest Whitaker"
4722,"R. Lee Ermey"
1607,"Robert De Niro"
1607,"Chazz Palminteri"
1607,"Joe Pesci"
117553,"Joe Pantoliano"
117553,"Stephen Tobolowsky"
6075,"Al Pacino"
6075,"Sean Penn"
6075,"John Leguizamo"
6075,"Luis Guzmán"
6075,"Viggo Mortensen"
6075,"James Rebhorn"
9350,"Sylvester Stallone"
9350,"John Lithgow"
9350,"Michael Rooker"
9350,"Max Perlich"
2124,"Bruce Willis"
2124,"Brad Dourif"
2124,"Lance Henriksen"
9571,"Matthew McConaughey"
9571,"Ben Affleck"
9571,"Parker Posey"
9571,"Renée Zellweger"
9739,"Sylvester Stallone"
9739,"Wesley Snipes"
9739,"Sandra Bullock"
9739,"Nigel Hawthorne"
9739,"Denis Leary"
9739,"Bob Gunton"
9739,"Bill Cobbs"
9739,"Jack Black"
9739,"Rob Schneider"
9024,"Michael J. Fox"
9024,"Debra Monk"
9024,"Bob Balaban"
9024,"Dan Hedaya"
37233,"Tom Cruise"
37233,"Gene Hackman"
37233,"Ed Harris"
37233,"David Strathairn"
37233,"Gary Busey"
37233,"Margo Martindale"
37233,"Paul Sorvino"
1634,"Michael Madsen"
1634,"Michael Ironside"
1634,"Richard Riehle"
1634,"Mykelti Williamson"
5503,"Harrison Ford"
5503,"Tommy Lee Jones"
5503,"Julianne Moore"
5503,"Joe Pantoliano"
5503,"Richard Riehle"
35588,"Gene Hackman"
35588,"Robert Duvall"
35588,"Matt Damon"
35588,"Mark Boone Junior"
2019,"Jean-Claude Van Damme"
2019,"Lance Henriksen"
9255,"Charlie Sheen"
9255,"Miguel Ferrer"
9386,"Clint Eastwood"
9386,"John Malkovich"
9386,"John Mahoney"
9386,"John Heard"
7984,"Pete Postlethwaite"
7984,"Emma Thompson"
7984,"Tom Wilkinson"
329,"Sam Neill"
329,"Jeff Goldblum"
329,"Samuel L. Jackson"
329,"Wayne Knight"
10909,"Brad Pitt"
10909,"Juliette Lewis"
507,"Eric Stoltz"
9593,"Arnold Schwarzenegger"
9593,"F. Murray Abraham"
9593,"Robert Prosky"
9593,"Ian McKellen"
9593,"Joan Plowright"
9593,"Colleen Camp"
9593,"Danny DeVito"
9593,"Jean-Claude Van Damme"
9593,"Bridgette Wilson"
9593,"Chevy Chase"
9593,"Jim Belushi"
10440,"Woody Allen"
10440,"Diane Keaton"
10440,"Anjelica Huston"
9516,"Samuel L. Jackson"
2320,"Kurt Russell"
2320,"Halle Berry"
2320,"John Leguizamo"
2320,"Oliver Platt"
2320,"Joe Morton"
2320,"Mary Ellen Trainor"
2320,"J.T. Walsh"
2320,"Richard Riehle"
788,"Robin Williams"
788,"Pierce Brosnan"
788,"Robert Prosky"
11231,"Michael Ironside"
10447,"Lance Henriksen"
10447,"Michael Lerner"
10447,"Ernie Hudson"
9559,"Kevin Costner"
9559,"Clint Eastwood"
9559,"Bradley Whitford"
9559,"Bruce McGill"
9800,"Tom Hanks"
9800,"Denzel Washington"
9800,"Jason Robards"
9800,"Antonio Banderas"
9800,"Charles Napier"
9800,"Daniel von Bargen"
9800,"Tracey Walter"
9800,"Bradley Whitford"
713,"Harvey Keitel"
713,"Sam Neill"
8291,"Billy Zane"
10872,"Denis Leary"
10872,"Kevin Spacey"
10872,"Raymond J. Barry"
1245,"Anthony Hopkins"
1245,"Emma Thompson"
1245,"Hugh Grant"
1245,"Peter Vaughan"
11858,"Danny DeVito"
11858,"James Remar"
11858,"Ed Begley Jr."
5550,"Rip Torn"
5550,"Bradley Whitford"
8005,"Cary Elwes"
8005,"Dom DeLuise"
8005,"Patrick Stewart"
2088,"Gary Oldman"
2088,"Annabella Sciorra"
2088,"Juliette Lewis"
2088,"Will Patton"
2088,"James Cromwell"
2088,"Dennis Farina"
2088,"Ron Perlman"
14534,"Ned Beatty"
14534,"Charles S. Dutton"
14534,"Lili Taylor"
14534,"Robert Prosky"
424,"Liam Neeson"
424,"Ben Kingsley"
424,"Philip Ettington"
11592,"Kathleen Turner"
11592,"Matthew Lillard"
8850,"Alec Baldwin"
8850,"Peter Boyle"
8850,"Ian McKellen"
8850,"Tim Curry"
8850,"James Hong"
858,"Tom Hanks"
858,"Meg Ryan"
858,"Bill Pullman"
858,"Rosie O'Donnell"
858,"Caroline Aaron"
867,"Sharon Stone"
867,"Colleen Camp"
867,"Martin Landau"
78,"Harrison Ford"
78,"Sean Young"
78,"M. Emmet Walsh"
78,"Daryl Hannah"
78,"James Hong"
10442,"Phil Hartman"
10442,"Debi Mazar"
10442,"Alan Arkin"
9607,"Bob Hoskins"
9607,"John Leguizamo"
9607,"Dennis Hopper"
9607,"Richard Edson"
9607,"Lance Henriksen"
17585,"Charles S. Dutton"
17585,"Gary Busey"
17585,"John C. McGinley"
17585,"F. Murray Abraham"
9057,"Charlie Sheen"
9057,"Nastassja Kinski"
9057,"James Gandolfini"
9057,"Christopher McDonald"
9479,"Catherine O'Hara"
9479,"William Hickey"
10057,"Charlie Sheen"
10057,"Kiefer Sutherland"
10057,"Chris O'Donnell"
10057,"Oliver Platt"
10057,"Tim Curry"
11969,"Kurt Russell"
11969,"Val Kilmer"
11969,"Bill Paxton"
11969,"Charlton Heston"
11969,"Michael Rooker"
11969,"Billy Bob Thornton"
11969,"Billy Zane"
319,"Christian Slater"
319,"Patricia Arquette"
319,"Michael Rapaport"
319,"Gary Oldman"
319,"Dennis Hopper"
319,"Christopher Walken"
319,"Brad Pitt"
319,"Tom Sizemore"
319,"Samuel L. Jackson"
319,"James Gandolfini"
319,"Val Kilmer"
319,"Anna Levine"
319,"Victor Argo"
319,"Kevin Corrigan"
319,"Ed Lauter"
15139,"Christopher Lloyd"
15139,"Patrick Stewart"
15139,"Whoopi Goldberg"
15139,"Ed Begley Jr."
15139,"Frank Welker"
15139,"Phil Hartman"
15139,"Jim Cummings"
771,"Joe Pesci"
771,"John Heard"
771,"Catherine O'Hara"
771,"John Candy"
251,"Demi Moore"
251,"Whoopi Goldberg"
251,"Vincent Schiavelli"
812,"Robin Williams"
812,"Frank Welker"
812,"Jim Cummings"
280,"Arnold Schwarzenegger"
280,"Joe Morton"
280,"Xander Berkeley"
581,"Kevin Costner"
581,"Maury Chaykin"
268,"Jack Nicholson"
268,"Michael Keaton"
268,"Pat Hingle"
268,"Tracey Walter"
274,"Jodie Foster"
274,"Anthony Hopkins"
274,"Scott Glenn"
274,"Frankie Faison"
274,"Tracey Walter"
274,"Charles Napier"
274,"Daniel von Bargen"
274,"Philip Ettington"
10020,"David Ogden Stiers"
10020,"Frank Welker"
10020,"David Ogden Stiers"
114,"Julia Roberts"
114,"Richard Gere"
114,"Héctor Elizondo"
114,"Larry Miller"
114,"Hank Azaria"
576,"William Holden"
576,"Ernest Borgnine"
275,"William H. Macy"
275,"Frances McDormand"
275,"Steve Buscemi"
1592,"Richard Gere"
1592,"John Mahoney"
1592,"Frances McDormand"
1592,"Alfre Woodard"
1592,"Philip Ettington"
61752,"Spike Lee"
61752,"Debi Mazar"
61752,"Michael Imperioli"
61752,Madonna
61752,"John Turturro"
10684,"Denzel Washington"
10684,"Meg Ryan"
10684,"Matt Damon"
10684,"Scott Glenn"
954,"Tom Cruise"
954,"Jon Voight"
954,"Ving Rhames"
954,"Kristin Scott Thomas"
954,"Vanessa Redgrave"
954,"Emilio Estevez"
8840,"Dennis Quaid"
8840,"Pete Postlethwaite"
8840,"Sean Connery"
8840,"John Gielgud"
10539,"Miriam Margolyes"
10539,"Pete Postlethwaite"
10539,"Susan Sarandon"
10539,"Richard Dreyfuss"
10539,"Simon Callow"
47502,"Chazz Palminteri"
47502,"Allison Janney"
2300,"Wayne Knight"
2300,"Danny DeVito"
2300,"Bill Murray"
40001,"Shirley MacLaine"
40001,"Brendan Fraser"
40001,"Debra Monk"
9103,"Jean-Claude Van Damme"
9103,"James Remar"
12233,"Dom DeLuise"
12233,"Robert Loggia"
11876,"Gérard Depardieu"
9100,"Skeet Ulrich"
9100,"Breckin Meyer"
40507,"Charles Napier"
9802,"Sean Connery"
9802,"Nicolas Cage"
9802,"Ed Harris"
9802,"David Morse"
9802,"William Forsythe"
9802,"John C. McGinley"
9802,"Xander Berkeley"
9802,"Philip Ettington"
664,"Bill Paxton"
664,"Cary Elwes"
664,"Philip Seymour Hoffman"
10547,"Charlie Sheen"
10547,"Richard Schiff"
935,"James Earl Jones"
9826,"Billy Zane"
9826,"James Remar"
9879,"Demi Moore"
9879,"Ving Rhames"
9879,"Paul Guilfoyle"
9879,"Siobhan Fallon"
7095,"Robin Williams"
627,"Ewan McGregor"
602,"Bill Pullman"
602,"Jeff Goldblum"
602,"Robert Loggia"
602,"Randy Quaid"
602,"James Rebhorn"
9566,"Robert De Niro"
9566,"Wesley Snipes"
9566,"John Leguizamo"
10545,"Demi Moore"
10545,"Kevin Kline"
10545,"David Ogden Stiers"
10545,"Jim Cummings"
10545,"Frank Welker"
9894,"Jim Carrey"
9894,"Matthew Broderick"
9894,"Jack Black"
9894,"Ben Stiller"
9894,"Janeane Garofalo"
11543,"Woody Harrelson"
11543,"Randy Quaid"
11543,"Bill Murray"
9268,"Arnold Schwarzenegger"
9268,"James Caan"
9268,"James Coburn"
9268,"James Cromwell"
9327,"Eddie Murphy"
9327,"James Coburn"
9327,"Larry Miller"
9327,"Arthur Tovey"
11228,"Sylvester Stallone"
11228,"Viggo Mortensen"
11228,"Dan Hedaya"
11228,"Jay O. Sanders"
10779,"Michael J. Fox"
10779,"R. Lee Ermey"
26748,"Matthew McConaughey"
26748,"Joe Morton"
26748,"Frances McDormand"
9294,"John Travolta"
9294,"Forest Whitaker"
9294,"Robert Duvall"
11363,"Cameron Diaz"
11363,"John Mahoney"
1645,"Matthew McConaughey"
1645,"Sandra Bullock"
1645,"Samuel L. Jackson"
1645,"Kevin Spacey"
1645,"Oliver Platt"
1645,"Charles S. Dutton"
1645,"Donald Sutherland"
1645,"Kiefer Sutherland"
1645,"John Diehl"
1645,"Beth Grant"
1645,"M. Emmet Walsh"
18550,"Laurence Fishburne"
18550,"Salma Hayek"
18550,"Will Patton"
2925,"Diane Keaton"
2925,"Dan Hedaya"
2925,"Philip Bosco"
2925,"Sarah Jessica Parker"
2925,"Stockard Channing"
3595,"Mel Gibson"
3595,"Delroy Lindo"
3595,"Lili Taylor"
3595,"Liev Schreiber"
3595,"Dan Hedaya"
3595,"Paul Guilfoyle"
12123,"Keanu Reeves"
12123,"Morgan Freeman"
12123,"Kevin Dunn"
12123,"Brian Cox"
10830,"Danny DeVito"
10830,"Tracey Walter"
3573,"Gwyneth Paltrow"
3573,"Alan Cumming"
3573,"Ewan McGregor"
9431,"Corey Feldman"
9431,"Whoopi Goldberg"
47907,"Ellen Burstyn"
47907,"Will Patton"
10061,"Kurt Russell"
10061,"Steve Buscemi"
10061,"Breckin Meyer"
549,"Dennis Hopper"
549,"Gary Oldman"
549,"Parker Posey"
549,"Christopher Walken"
549,"Willem Dafoe"
549,"Sam Rockwell"
549,"Michael Badalucco"
10478,"Kevin Costner"
238,"Al Pacino"
238,"James Caan"
238,"Robert Duvall"
238,"Diane Keaton"
11134,"Jackie Chan"
9303,"Jennifer Tilly"
9303,"Gina Gershon"
9303,"Joe Pantoliano"
11015,"Tom Sizemore"
9306,"Val Kilmer"
9306,"Ron Perlman"
10723,"James Caan"
10723,"Bill Nunn"
872,"Bess Flowers"
872,"Kathleen Freeman"
164,"Martin Balsam"
426,"James Stewart"
426,"Bess Flowers"
567,"James Stewart"
567,"Bess Flowers"
567,"Alfred Hitchcock"
3078,"Ward Bond"
3078,"Bess Flowers"
213,"Cary Grant"
213,"Leo G. Carroll"
213,"Martin Landau"
213,"Bess Flowers"
213,"Alfred Hitchcock"
213,"Arthur Tovey"
284,"Jack Lemmon"
284,"Shirley MacLaine"
239,"Jack Lemmon"
239,"Arthur Tovey"
4808,"Cary Grant"
4808,"Walter Matthau"
4808,"James Coburn"
4808,"George Kennedy"
289,"Peter Lorre"
289,"Gino Corrado"
963,"Peter Lorre"
963,"Ward Bond"
6620,"William Holden"
6620,"Sam Harris"
804,"Gregory Peck"
770,"Ward Bond"
770,"Gino Corrado"
599,"William Holden"
15,"Joseph Cotten"
15,"Gino Corrado"
705,"Bess Flowers"
223,"Leo G. Carroll"
223,"Alfred Hitchcock"
223,"Gino Corrado"
303,"Cary Grant"
303,"Alfred Hitchcock"
303,"Bess Flowers"
4174,"Gregory Peck"
4174,"Leo G. Carroll"
381,"Cary Grant"
381,"Bess Flowers"
381,"Alfred Hitchcock"
1859,"Bela Lugosi"
1859,"Bess Flowers"
1939,"Vincent Price"
1939,"Bess Flowers"
1939,"Sam Harris"
3080,"Gino Corrado"
1712,"Dennis Hopper"
220,"Sam Harris"
3529,"Pat Flaherty"
2897,"Peter Lorre"
2897,"Shirley MacLaine"
2897,"John Gielgud"
2897,"Bess Flowers"
2897,"Sam Harris"
2897,"Arthur Tovey"
1585,"James Stewart"
1585,"Ward Bond"
3083,"James Stewart"
3083,"Gino Corrado"
261,"Paul Newman"
10861,"Jean-Claude Van Damme"
1770,"Liam Neeson"
1770,"Aidan Quinn"
1770,"Stephen Rea"
1770,"Julia Roberts"
1770,"Ian Hart"
9333,"Bruce Willis"
9333,"Bruce Dern"
9333,"Christopher Walken"
9333,"Michael Imperioli"
9400,"John C. McGinley"
11306,"Hugh Grant"
11306,"Gene Hackman"
11306,"Sarah Jessica Parker"
11306,"David Morse"
11306,"Bill Nunn"
11306,"Paul Guilfoyle"
11306,"Debra Monk"
6346,"Chris O'Donnell"
6346,"Gene Hackman"
6346,"Faye Dunaway"
6346,"Robert Prosky"
6346,"Raymond J. Barry"
173,"Peter Lorre"
864,"John Candy"
864,"Raymond J. Barry"
8367,"Kevin Costner"
8367,"Morgan Freeman"
8367,"Christian Slater"
8367,"Sean Connery"
12335,"Roddy McDowall"
10948,"Kurt Russell"
10948,"Corey Feldman"
15121,"Christopher Plummer"
562,"Bruce Willis"
562,"Mary Ellen Trainor"
10163,"Pierce Brosnan"
41843,"Anthony Hopkins"
41843,"Julianne Moore"
41843,"Joss Ackland"
41843,"Joan Plowright"
11412,"Samuel L. Jackson"
11412,"Brian Cox"
11412,"David Morse"
10586,"Michael Douglas"
10586,"Val Kilmer"
10586,"Tom Wilkinson"
49471,"Charles S. Dutton"
38153,"Charlie Sheen"
38153,"Donald Sutherland"
454,"Leonardo DiCaprio"
454,"Claire Danes"
454,"John Leguizamo"
454,"Pete Postlethwaite"
454,"Paul Sorvino"
454,"Miriam Margolyes"
10218,"Heather Graham"
819,"Robert De Niro"
819,"Brad Pitt"
819,"Kevin Bacon"
819,"Dustin Hoffman"
819,"Minnie Driver"
11561,"Woody Allen"
11561,"Diane Keaton"
11302,"Woody Allen"
11302,"Sylvester Stallone"
623,"John Cleese"
623,"Jamie Lee Curtis"
623,"Kevin Kline"
583,"John Cleese"
11575,"Jack Lemmon"
475,"Faye Dunaway"
475,"Gene Hackman"
521,"Bess Flowers"
521,"Sam Harris"
521,"Alfred Hitchcock"
88,"Wayne Knight"
500,"Harvey Keitel"
500,"Tim Roth"
500,"Michael Madsen"
500,"Steve Buscemi"
792,"Charlie Sheen"
792,"Willem Dafoe"
792,"Forest Whitaker"
792,"John C. McGinley"
792,"Johnny Depp"
792,"Richard Edson"
792,"Keith David"
402,"Michael Douglas"
402,"Sharon Stone"
402,"Wayne Knight"
402,"Daniel von Bargen"
402,"Stephen Tobolowsky"
402,"James Rebhorn"
10537,"Val Kilmer"
10537,"Meg Ryan"
10537,"Michael Madsen"
10537,"Kathleen Quinlan"
10537,"Debi Mazar"
10537,"Jennifer Tilly"
11386,"Stephen Rea"
11386,"Forest Whitaker"
11386,"Jim Broadbent"
9504,"Al Pacino"
9504,"Jack Lemmon"
9504,"Alec Baldwin"
9504,"Alan Arkin"
9504,"Ed Harris"
9504,"Kevin Spacey"
9504,"Jonathan Pryce"
15764,"Meryl Streep"
15764,"Kevin Kline"
601,"Drew Barrymore"
2119,"Tom Cruise"
2119,"Robert Duvall"
2119,"Nicole Kidman"
2119,"Randy Quaid"
2119,"Cary Elwes"
2119,"John C. Reilly"
2119,"Michael Rooker"
2119,"Margo Martindale"
744,"Tom Cruise"
744,"Val Kilmer"
744,"Tom Skerritt"
744,"Michael Ironside"
744,"Tim Robbins"
744,"Meg Ryan"
21612,"Christopher Walken"
21612,"Annabella Sciorra"
21612,"Victor Argo"
1630,"Woody Harrelson"
1630,"James Cromwell"
1630,"Vincent Schiavelli"
11843,"Christopher Plummer"
10379,"Carrie Fisher"
2756,"Ed Harris"
790,"Jamie Lee Curtis"
1103,"Kurt Russell"
1103,"Ernest Borgnine"
1103,"Harry Dean Stanton"
11298,"Dick Miller"
409,"Willem Dafoe"
409,"Kristin Scott Thomas"
10174,Madonna
10174,"Al Pacino"
10174,"Kevin Costner"
10174,"Antonio Banderas"
510,"Jack Nicholson"
510,"Danny DeVito"
510,"Brad Dourif"
510,"Christopher Lloyd"
510,"Vincent Schiavelli"
510,"Anjelica Huston"
1891,"Harrison Ford"
1891,"Carrie Fisher"
1891,"Frank Oz"
1891,"James Earl Jones"
2493,"Cary Elwes"
2493,"Wallace Shawn"
2493,"Billy Crystal"
2493,"Carol Kane"
85,"Harrison Ford"
85,"Alfred Molina"
85,"Frank Welker"
679,"Sigourney Weaver"
679,"James Remar"
679,"Lance Henriksen"
679,"Bill Paxton"
429,"Clint Eastwood"
429,"Philip Ettington"
389,"Martin Balsam"
389,"Jack Warden"
185,"Malcolm McDowell"
595,"Gregory Peck"
595,"Robert Duvall"
595,"Arthur Tovey"
28,"Martin Sheen"
28,"Robert Duvall"
28,"Laurence Fishburne"
28,"Harrison Ford"
28,"Dennis Hopper"
28,"Scott Glenn"
28,"Colleen Camp"
28,"R. Lee Ermey"
28,"Charlie Sheen"
335,"Jason Robards"
1892,"Harrison Ford"
1892,"Carrie Fisher"
1892,"Frank Oz"
1892,"James Earl Jones"
769,"Robert De Niro"
769,"Joe Pesci"
769,"Paul Sorvino"
769,"Mike Starr"
769,"Debi Mazar"
769,"Kevin Corrigan"
769,"Michael Imperioli"
769,"Illeana Douglas"
769,"Samuel L. Jackson"
348,"Tom Skerritt"
348,"Sigourney Weaver"
348,"Harry Dean Stanton"
348,"John Hurt"
348,"Ian Holm"
539,"Martin Balsam"
539,"Alfred Hitchcock"
525,"Dan Aykroyd"
525,"Carrie Fisher"
525,"John Candy"
525,"Kathleen Freeman"
525,"Frank Oz"
525,"Charles Napier"
240,"Al Pacino"
240,"Robert Duvall"
240,"Diane Keaton"
240,"Robert De Niro"
240,"Harry Dean Stanton"
240,"Danny Aiello"
240,"James Caan"
600,"Matthew Modine"
600,"Vincent D'Onofrio"
600,"R. Lee Ermey"
600,"Philip Ettington"
279,"F. Murray Abraham"
279,"Simon Callow"
279,"Jeffrey Jones"
279,"Vincent Schiavelli"
1578,"Robert De Niro"
1578,"Joe Pesci"
1578,"Cathy Moriarty"
1578,"John Turturro"
1578,"Michael Badalucco"
703,"Woody Allen"
703,"Diane Keaton"
703,"Carol Kane"
703,"Christopher Walken"
703,"Beverly D'Angelo"
703,"Tracey Walter"
703,"Sigourney Weaver"
703,"Jeff Goldblum"
9549,"Dennis Quaid"
9549,"Ed Harris"
9549,"Scott Glenn"
9549,"Barbara Hershey"
9549,"Lance Henriksen"
9549,"Harry Shearer"
9549,"Jeff Goldblum"
9277,"Paul Newman"
9277,"Robert Redford"
9277,"Charles Durning"
9277,"Kathleen Freeman"
9277,"Arthur Tovey"
218,"Arnold Schwarzenegger"
218,"Lance Henriksen"
218,"Bill Paxton"
218,"Dick Miller"
9665,"Matthew Broderick"
9665,"Denzel Washington"
9665,"Cary Elwes"
9665,"Morgan Freeman"
9665,"Bob Gunton"
9665,"Jay O. Sanders"
9665,"Richard Riehle"
379,"John Turturro"
379,"Gabriel Byrne"
379,"Steve Buscemi"
379,"Mike Starr"
379,"Michael Jeter"
379,"Michael Badalucco"
379,"Frances McDormand"
207,"Robin Williams"
207,"George Martin"
37247,"Dustin Hoffman"
37247,"Anne Bancroft"
1480,"Charlton Heston"
1480,"Joseph Cotten"
826,"William Holden"
829,"Jack Nicholson"
829,"Faye Dunaway"
829,"James Hong"
829,"Burt Young"
3090,"Pat Flaherty"
694,"Jack Nicholson"
235,"Corey Feldman"
235,"Kiefer Sutherland"
235,"Richard Dreyfuss"
235,"John Cusack"
5925,"James Coburn"
11778,"Robert De Niro"
11778,"John Savage"
11778,"Christopher Walken"
11778,"Meryl Streep"
11778,"Joe Grifasi"
137,"Bill Murray"
137,"Andie MacDowell"
137,"Stephen Tobolowsky"
137,"Brian Doyle-Murray"
33,"Clint Eastwood"
33,"Gene Hackman"
33,"Morgan Freeman"
33,"Anna Levine"
33,"Philip Ettington"
982,"Bess Flowers"
105,"Michael J. Fox"
105,"Christopher Lloyd"
105,"Billy Zane"
105,"Arthur Tovey"
1633,"Kathy Bates"
1633,"Chris O'Donnell"
8009,"Sean Connery"
903,"Paul Newman"
903,"George Kennedy"
903,"Harry Dean Stanton"
903,"Dennis Hopper"
903,"Joe Don Baker"
3034,"Peter Boyle"
3034,"Cloris Leachman"
3034,"Gene Hackman"
3034,"Ian Abercrombie"
3034,"Arthur Tovey"
339,"Winona Ryder"
339,"Gena Rowlands"
339,"Giancarlo Esposito"
339,"Armin Mueller-Stahl"
914,"Gino Corrado"
914,"Pat Flaherty"
914,"Sam Harris"
288,"Lon Chaney Jr."
665,"Charlton Heston"
11031,"Michael McKean"
11031,"Harry Shearer"
11031,"Ed Begley Jr."
11031,"Billy Crystal"
11031,"Anjelica Huston"
89,"Harrison Ford"
89,"Sean Connery"
783,"Ben Kingsley"
783,"John Gielgud"
783,"Martin Sheen"
783,"Nigel Hawthorne"
10644,"Stellan Skarsgård"
11257,"Helena Bonham Carter"
11257,"Simon Callow"
12104,"Bob Hoskins"
625,"John Malkovich"
830,"Leslie Nielsen"
642,"Paul Newman"
642,"Robert Redford"
642,"Cloris Leachman"
655,"Harry Dean Stanton"
655,"Nastassja Kinski"
655,"Dean Stockwell"
639,"Meg Ryan"
639,"Billy Crystal"
639,"Carrie Fisher"
8077,"Sigourney Weaver"
8077,"Charles S. Dutton"
8077,"Pete Postlethwaite"
8077,"Lance Henriksen"
814,"Frank Oz"
6114,"Gary Oldman"
6114,"Winona Ryder"
6114,"Anthony Hopkins"
6114,"Keanu Reeves"
6114,"Richard E. Grant"
6114,"Cary Elwes"
9529,"Xander Berkeley"
1598,"Robert De Niro"
1598,"Nick Nolte"
1598,"Jessica Lange"
1598,"Juliette Lewis"
1598,"Joe Don Baker"
1598,"Gregory Peck"
1598,"Illeana Douglas"
1598,"Martin Balsam"
7340,"Sissy Spacek"
7340,"John Travolta"
377,"Johnny Depp"
377,"Robert Englund"
794,"Gregory Peck"
794,"David Warner"
199,"Patrick Stewart"
199,"James Cromwell"
199,"Alfre Woodard"
12498,"Billy Bob Thornton"
12498,"J.T. Walsh"
12498,"Robert Duvall"
9279,"Arnold Schwarzenegger"
9279,"Phil Hartman"
9279,"Jim Belushi"
21539,"Denzel Washington"
11674,"Glenn Close"
11674,"Jeff Daniels"
11674,"Joan Plowright"
1573,"Bruce Willis"
1573,"Art Evans"
1573,"John Leguizamo"
1573,"Mark Boone Junior"
1573,"Colm Meaney"
152,"William Shatner"
174,"William Shatner"
174,"Christopher Plummer"
174,"David Warner"
174,"Christian Slater"
172,"William Shatner"
172,"David Warner"
154,"William Shatner"
157,"William Shatner"
157,"Christopher Lloyd"
157,"Miguel Ferrer"
168,"William Shatner"
364,"Michael Keaton"
364,"Danny DeVito"
364,"Michelle Pfeiffer"
364,"Christopher Walken"
364,"Pat Hingle"
364,"Vincent Schiavelli"
11967,"Emilio Estevez"
11967,"Kiefer Sutherland"
11967,"Charlie Sheen"
11967,"Tom Cruise"
621,"John Travolta"
621,"Stockard Channing"
9037,"Michelle Pfeiffer"
9037,"Christopher McDonald"
10173,"Keith David"
10173,"Kevin Dunn"
10173,"Danny Trejo"
8845,"Tommy Lee Jones"
8845,"Gary Busey"
8845,"Colm Meaney"
578,"Richard Dreyfuss"
578,"Philip Ettington"
17692,"Dennis Quaid"
75,"Jack Nicholson"
75,"Glenn Close"
75,"Pierce Brosnan"
75,"Danny DeVito"
75,"Sarah Jessica Parker"
75,"Michael J. Fox"
75,"Rod Steiger"
75,"Jack Black"
75,"Joe Don Baker"
9390,"Tom Cruise"
9390,"Renée Zellweger"
9390,"Bonnie Hunt"
9390,"Donal Logue"
9390,"Eric Stoltz"
378,"Nicolas Cage"
378,"John Goodman"
378,"William Forsythe"
378,"Frances McDormand"
378,"M. Emmet Walsh"
9819,"Diane Keaton"
9819,"Meryl Streep"
9819,"Leonardo DiCaprio"
9819,"Robert De Niro"
9819,"Dan Hedaya"
9819,"Margo Martindale"
4232,"David Arquette"
4232,"Matthew Lillard"
4232,"Skeet Ulrich"
4232,"Drew Barrymore"
4232,"Liev Schreiber"
9361,"Pete Postlethwaite"
8818,Madonna
8818,"Antonio Banderas"
8818,"Jonathan Pryce"
34314,"Héctor Elizondo"
8860,"Eddie Murphy"
8860,"Art Evans"
8860,"Michael Rapaport"
8860,"Donal Logue"
9619,"Pierce Brosnan"
26306,"R. Lee Ermey"
26306,"Breckin Meyer"
66,"Clint Eastwood"
66,"Gene Hackman"
66,"Ed Harris"
66,"Scott Glenn"
66,"Richard Jenkins"
11419,"Chevy Chase"
11419,"Beverly D'Angelo"
11419,"Randy Quaid"
11419,"Ethan Embry"
11419,"Wallace Shawn"
638,"Bill Pullman"
638,"Patricia Arquette"
638,"Gary Busey"
638,"Robert Loggia"
25624,"Ving Rhames"
25624,"Jon Voight"
25624,"Bruce McGill"
25624,"Michael Rooker"
25624,"Mark Boone Junior"
9366,"Johnny Depp"
9366,"Al Pacino"
9366,"Michael Madsen"
9366,"James Russo"
9366,"Anne Heche"
9366,"Philip Ettington"
9403,"Paul Giamatti"
9403,"Allison Janney"
10003,"Val Kilmer"
10003,"Elisabeth Shue"
1624,"Jim Carrey"
1624,"Cary Elwes"
1624,"Jennifer Tilly"
4477,"Harrison Ford"
4477,"Brad Pitt"
50512,"Alfred Molina"
9360,"Jon Voight"
9360,"Eric Stoltz"
9360,"Danny Trejo"
9360,"Frank Welker"
816,"Charles Napier"
816,"Clint Howard"
816,"Tom Arnold"
816,"Carrie Fisher"
816,"Christian Slater"
816,"Christian Slater"
2163,"Kurt Russell"
2163,"J.T. Walsh"
2163,"Kathleen Quinlan"
18,"Bruce Willis"
18,"Gary Oldman"
18,"Ian Holm"
330,"Jeff Goldblum"
330,"Julianne Moore"
330,"Pete Postlethwaite"
330,"Richard Schiff"
330,"Ian Abercrombie"
1701,"Nicolas Cage"
1701,"John Cusack"
1701,"John Malkovich"
1701,"Ving Rhames"
1701,"Steve Buscemi"
1701,"Colm Meaney"
1701,"Mykelti Williamson"
1701,"Danny Trejo"
1639,"Sandra Bullock"
1639,"Willem Dafoe"
1639,"Colleen Camp"
1639,"Joe Morton"
415,"Chris O'Donnell"
415,"Arnold Schwarzenegger"
415,"Uma Thurman"
415,"Pat Hingle"
11970,"Danny DeVito"
11970,"James Woods"
11970,"Rip Torn"
11970,"Charlton Heston"
11970,"Jim Cummings"
11970,"Keith David"
11970,"Wayne Knight"
8874,"Julia Roberts"
8874,"Cameron Diaz"
8874,"Rupert Everett"
8874,"Philip Bosco"
8874,"M. Emmet Walsh"
8874,"Paul Giamatti"
8874,"Harry Shearer"
754,"John Travolta"
754,"Nicolas Cage"
754,"Gina Gershon"
607,"Tommy Lee Jones"
607,"Vincent D'Onofrio"
607,"Rip Torn"
607,"Tony Shalhoub"
607,"Siobhan Fallon"
607,"Sylvester Stallone"
607,"Danny DeVito"
17834,"Kathleen Turner"
686,"Jodie Foster"
686,"Matthew McConaughey"
686,"James Woods"
686,"John Hurt"
686,"Tom Skerritt"
686,"David Morse"
686,"Angela Bassett"
4421,"Demi Moore"
4421,"Viggo Mortensen"
4421,"Anne Bancroft"
4421,"Daniel von Bargen"
9387,"Arnold Schwarzenegger"
9387,"James Earl Jones"
9387,"Max von Sydow"
2142,"Sylvester Stallone"
2142,"Harvey Keitel"
2142,"Robert De Niro"
2142,"Michael Rapaport"
2142,"Annabella Sciorra"
2142,"Janeane Garofalo"
2142,"Cathy Moriarty"
2142,"Paul Calderon"
2142,"Philip Ettington"
8413,"Laurence Fishburne"
8413,"Sam Neill"
8413,"Kathleen Quinlan"
10336,"Martin Sheen"
10336,"John Leguizamo"
10336,"Frank Welker"
20737,"Michael Jeter"
20737,"Bill Cobbs"
9413,"Kevin Bacon"
9413,"Illeana Douglas"
9413,"Kevin Dunn"
8834,"Mel Gibson"
8834,"Julia Roberts"
8834,"Patrick Stewart"
8854,"Charles Napier"
4961,"Mira Sorvino"
4961,"Charles S. Dutton"
4961,"F. Murray Abraham"
9772,"Harrison Ford"
9772,"Gary Oldman"
9772,"Glenn Close"
9772,"William H. Macy"
9772,"Paul Guilfoyle"
9772,"Xander Berkeley"
9772,"Dean Stockwell"
9772,"Philip Baker Hall"
6072,"Samuel L. Jackson"
6072,"John Heard"
6072,"Richard Riehle"
1669,"Alec Baldwin"
1669,"Sean Connery"
1669,"Scott Glenn"
1669,"Sam Neill"
1669,"James Earl Jones"
1669,"Joss Ackland"
1669,"Stellan Skarsgård"
1669,"Tim Curry"
1669,"Jeffrey Jones"
1669,"Philip Ettington"
2118,"Kevin Spacey"
2118,"Danny DeVito"
2118,"James Cromwell"
2118,"David Strathairn"
2118,"Paul Guilfoyle"
978,"Brad Pitt"
9437,"Morgan Freeman"
9437,"Cary Elwes"
9437,"Jay O. Sanders"
9437,"Bill Nunn"
9437,"Brian Cox"
9437,"Jeremy Piven"
10351,"Robert Englund"
2649,"Michael Douglas"
2649,"Sean Penn"
2649,"James Rebhorn"
2649,"Armin Mueller-Stahl"
2649,"Mark Boone Junior"
14289,"Harry Dean Stanton"
14289,"Richard Masur"
14289,"John Diehl"
10155,"Sean Penn"
10155,"Nick Nolte"
10155,"Claire Danes"
10155,"Billy Bob Thornton"
10155,"Jon Voight"
10155,"Laurie Metcalf"
68924,"Kevin Kline"
68924,"Sigourney Weaver"
68924,"Christina Ricci"
68924,"Colleen Camp"
2255,"Ben Affleck"
2255,"Matt Damon"
2255,"Illeana Douglas"
9427,"Tom Wilkinson"
3597,"Bridgette Wilson"
3597,"Anne Heche"
1813,"Keanu Reeves"
1813,"Al Pacino"
1813,"Charlize Theron"
1813,"Jeffrey Jones"
1813,"Debra Monk"
12628,"Timothy Hutton"
12628,"Tracey Walter"
33344,"Parker Posey"
782,"Uma Thurman"
782,"Alan Arkin"
782,"Xander Berkeley"
782,"Ernest Borgnine"
782,"Tony Shalhoub"
10871,"Dennis Quaid"
10871,"Danny Glover"
10871,"R. Lee Ermey"
10890,"Bill Murray"
10890,"Sean Young"
10890,"John Candy"
10890,"John Diehl"
10890,"Bill Paxton"
9770,"John Travolta"
9770,"Dustin Hoffman"
9770,"Robert Prosky"
9770,"Bill Nunn"
9770,"Lucinda Jenney"
12616,"Wesley Snipes"
12616,"Nastassja Kinski"
12616,"Robert Downey Jr."
11975,"Matt Damon"
11975,"Danny DeVito"
11975,"Jon Voight"
11975,"Claire Danes"
11975,"Dean Stockwell"
11975,"Danny Glover"
4995,"John C. Reilly"
4995,"Julianne Moore"
4995,"Heather Graham"
4995,"Philip Seymour Hoffman"
4995,"William H. Macy"
4995,"Luis Guzmán"
4995,"Alfred Molina"
4995,"Philip Baker Hall"
9281,"Harrison Ford"
9281,"Danny Glover"
9281,"Viggo Mortensen"
563,"Michael Ironside"
10215,"Gwyneth Paltrow"
9823,"James Remar"
37165,"Jim Carrey"
37165,"Ed Harris"
37165,"Holland Taylor"
37165,"Paul Giamatti"
37165,"Harry Shearer"
37165,"Philip Baker Hall"
4824,"Bruce Willis"
4824,"Richard Gere"
4824,"Jack Black"
9444,"Meg Ryan"
9444,"John Cusack"
9444,"Christopher Lloyd"
9444,"Hank Azaria"
9444,"Kirsten Dunst"
9414,"Bill Murray"
9414,"Peter Gallagher"
9414,"Alfred Molina"
8078,"Sigourney Weaver"
8078,"Winona Ryder"
8078,"Brad Dourif"
8078,"Ron Perlman"
8078,"Dan Hedaya"
11831,"Morgan Freeman"
11831,"Nigel Hawthorne"
11831,"Anthony Hopkins"
11831,"Matthew McConaughey"
11831,"David Paymer"
11831,"Pete Postlethwaite"
11831,"Stellan Skarsgård"
11831,"Paul Guilfoyle"
2639,"Woody Allen"
2639,"Billy Crystal"
2639,"Caroline Aaron"
2639,"Elisabeth Shue"
2639,"Bob Balaban"
2639,"Robin Williams"
2639,"Demi Moore"
2639,"Stanley Tucci"
2639,"Billy Crystal"
2639,"Paul Giamatti"
9574,"Robin Williams"
9574,"Christopher McDonald"
9574,"Raymond J. Barry"
10371,"Wayne Knight"
10371,"Larry Miller"
10371,"Jay O. Sanders"
10371,"Michael Lerner"
489,"Robin Williams"
489,"Matt Damon"
489,"Ben Affleck"
489,"Stellan Skarsgård"
489,"Minnie Driver"
8197,"John Cusack"
8197,"Kevin Spacey"
8197,"Bob Gunton"
6283,"Maury Chaykin"
6283,"Michael Jeter"
6283,"Ian Abercrombie"
6283,"William Hickey"
6283,"Christopher Walken"
4233,"David Arquette"
4233,"Laurie Metcalf"
4233,"Liev Schreiber"
4233,"Heather Graham"
4233,"David Warner"
4233,"Matthew Lillard"
10217,"Ian Holm"
10217,"Maury Chaykin"
597,"Leonardo DiCaprio"
597,"Billy Zane"
597,"Kathy Bates"
597,"Bill Paxton"
597,"David Warner"
714,"Pierce Brosnan"
714,"Jonathan Pryce"
714,"Joe Don Baker"
714,"Vincent Schiavelli"
9922,"Kevin Costner"
9922,"Will Patton"
9922,"James Russo"
9922,"Daniel von Bargen"
547,"Robert Redford"
547,"Kristin Scott Thomas"
547,"Sam Neill"
547,"Dianne Wiest"
184,"Samuel L. Jackson"
184,"Bridget Fonda"
184,"Michael Keaton"
184,"Robert De Niro"
115,"Jeff Bridges"
115,"John Goodman"
115,"Julianne Moore"
115,"Steve Buscemi"
115,"Philip Seymour Hoffman"
115,"John Turturro"
9410,"Gwyneth Paltrow"
9410,"Anne Bancroft"
9410,"Robert De Niro"
9410,"Hank Azaria"
586,"Dustin Hoffman"
586,"Robert De Niro"
586,"Anne Heche"
586,"Woody Harrelson"
586,"Jim Belushi"
586,"Denis Leary"
586,"Kirsten Dunst"
586,"William H. Macy"
2666,"William Hurt"
2666,"Kiefer Sutherland"
11258,"Morgan Freeman"
11258,"Christian Slater"
11258,"Randy Quaid"
11258,"Minnie Driver"
9490,"Janeane Garofalo"
6116,"Bob Hoskins"
6116,"Alan Cumming"
6116,"Richard E. Grant"
9457,"Famke Janssen"
11702,"Mira Sorvino"
11702,"Michael Rooker"
11702,"Danny Trejo"
12238,"Miguel Ferrer"
11568,"Dan Aykroyd"
11568,"John Goodman"
11568,"Joe Morton"
11003,"Drew Barrymore"
11003,"Jon Lovitz"
11003,"Steve Buscemi"
10153,"Dustin Hoffman"
10153,"Sharon Stone"
10153,"Samuel L. Jackson"
10153,"Liev Schreiber"
2898,"Jack Nicholson"
2898,"Skeet Ulrich"
2898,"Brian Doyle-Murray"
9558,"Christopher Walken"
9558,"Laurence Fishburne"
9558,"Victor Argo"
9558,"Wesley Snipes"
9558,"Giancarlo Esposito"
9558,"Paul Calderon"
9558,"Steve Buscemi"
11808,"Tommy Lee Jones"
11808,"Wesley Snipes"
11808,"Robert Downey Jr."
11808,"Joe Pantoliano"
42807,"Matthew McConaughey"
42807,"Skeet Ulrich"
42807,"Vincent D'Onofrio"
617,"Matt Dillon"
617,"Kevin Bacon"
617,"Bill Murray"
32456,"Robert Downey Jr."
32456,"Heather Graham"
17127,"Allison Janney"
17127,"Steve Zahn"
17127,"Nigel Hawthorne"
40688,"Dennis Hopper"
40688,"Robert Englund"
2157,"Gary Oldman"
2157,"William Hurt"
2157,"Heather Graham"
2157,"Jared Harris"
29193,"Steve Martin"
795,"Nicolas Cage"
795,"Meg Ryan"
9469,"Denzel Washington"
9469,"John Turturro"
9469,"Ned Beatty"
16148,"Bill Pullman"
16148,"Ben Stiller"
78149,"Jackie Chan"
78149,"Sylvester Stallone"
78149,"Whoopi Goldberg"
78149,"Billy Bob Thornton"
10622,"Jackie Chan"
10216,"Michael Madsen"
10216,"Mykelti Williamson"
10216,"James Cromwell"
10216,"Peter Boyle"
9448,"Elliott Gould"
8656,"Robert Duvall"
8656,"Vanessa Redgrave"
8656,"Morgan Freeman"
8656,"James Cromwell"
8656,"Richard Schiff"
18937,"Cary Elwes"
18937,"Gary Oldman"
18937,"Pierce Brosnan"
18937,"Gabriel Byrne"
18937,"John Gielgud"
18937,"Frank Welker"
929,"Matthew Broderick"
929,"Hank Azaria"
929,"Kevin Dunn"
929,"Michael Lerner"
929,"Harry Shearer"
9452,"Halle Berry"
9452,"Laurie Metcalf"
9452,"Debra Monk"
9452,"Oliver Platt"
9452,"Paul Sorvino"
9452,"Jack Warden"
1878,"Johnny Depp"
1878,"Christina Ricci"
1878,"Gary Busey"
1878,"Cameron Diaz"
1878,"Michael Jeter"
1878,"Harry Dean Stanton"
1878,"Richard Riehle"
9844,"Christina Ricci"
9844,"Martin Donovan"
1965,"Michael Douglas"
1965,"Gwyneth Paltrow"
1965,"Viggo Mortensen"
6068,"Harrison Ford"
6068,"Anne Heche"
6068,"Allison Janney"
6068,"Danny Trejo"
15037,"Ethan Embry"
15037,"Breckin Meyer"
10674,"Eddie Murphy"
10674,"Miguel Ferrer"
10674,"James Hong"
10674,"Miriam Margolyes"
10674,"Frank Welker"
10674,"Jackie Chan"
846,"Martin Landau"
846,"Armin Mueller-Stahl"
3050,"Eddie Murphy"
3050,"Oliver Platt"
3050,"Peter Boyle"
3050,"Richard Schiff"
3050,"Jeffrey Tambor"
3050,"Beth Grant"
3050,"Albert Brooks"
3050,"Paul Giamatti"
1389,"Ving Rhames"
1389,"Albert Brooks"
1389,"Steve Zahn"
1389,"Dennis Farina"
1389,"Luis Guzmán"
1389,"Michael Keaton"
1389,"Samuel L. Jackson"
1389,"Paul Calderon"
9464,"Christina Ricci"
9464,"Anjelica Huston"
9464,"Kevin Pollak"
95,"Bruce Willis"
95,"Billy Bob Thornton"
95,"Ben Affleck"
95,"Will Patton"
95,"Steve Buscemi"
95,"Keith David"
95,"Charlton Heston"
95,"Udo Kier"
944,"Mel Gibson"
944,"Danny Glover"
944,"Joe Pesci"
944,"Mary Ellen Trainor"
11551,"Kirsten Dunst"
11551,"Denis Leary"
11551,"Phil Hartman"
11551,"Kevin Dunn"
11551,"Tommy Lee Jones"
11551,"Ernest Borgnine"
11551,"Bruce Dern"
11551,"George Kennedy"
11551,"Michael McKean"
11551,"Harry Shearer"
11551,"Christina Ricci"
11551,"Dick Miller"
544,"Cameron Diaz"
544,"Ben Stiller"
544,"Matt Dillon"
544,"Jeffrey Tambor"
544,"Keith David"
544,"Richard Jenkins"
12311,"Pat Flaherty"
34106,"James Stewart"
34106,"Ward Bond"
34106,"Pat Flaherty"
43266,"Roddy McDowall"
33667,"Gregory Peck"
33667,"Dean Stockwell"
27191,"Charlton Heston"
27191,"James Stewart"
27191,"Kathleen Freeman"
11426,"Ernest Borgnine"
11426,"Jack Warden"
654,"Rod Steiger"
654,"Martin Balsam"
654,"Pat Hingle"
15919,"Ernest Borgnine"
5769,"David Warner"
874,"John Hurt"
874,"Vanessa Redgrave"
10633,"Rod Steiger"
3116,"Dustin Hoffman"
3116,"Jon Voight"
3116,"Bob Balaban"
3116,"M. Emmet Walsh"
1051,"Gene Hackman"
1366,"Sylvester Stallone"
1366,"Burt Young"
1366,"Arthur Tovey"
12102,"Dustin Hoffman"
12102,"Meryl Streep"
9443,"Ian Holm"
9443,"John Gielgud"
606,"Meryl Streep"
606,"Robert Redford"
380,"Dustin Hoffman"
380,"Tom Cruise"
380,"Lucinda Jenney"
380,"Bonnie Hunt"
380,"Beth Grant"
403,"Morgan Freeman"
403,"Dan Aykroyd"
13820,"Harry Dean Stanton"
13820,"Emilio Estevez"
13820,"Tracey Walter"
2108,"Emilio Estevez"
10014,"Robert Englund"
10072,"Robert Englund"
10072,"Patricia Arquette"
10072,"Laurence Fishburne"
10131,"Robert Englund"
10160,"Robert Englund"
11284,"Robert Englund"
11284,"Breckin Meyer"
11284,"Tom Arnold"
11284,"Johnny Depp"
4488,"Kevin Bacon"
9730,"Corey Feldman"
9731,"Corey Feldman"
948,"Jamie Lee Curtis"
11281,"Jamie Lee Curtis"
10676,"Jamie Lee Curtis"
36599,"Leslie Nielsen"
36599,"Jamie Lee Curtis"
10585,"Brad Dourif"
11186,"Brad Dourif"
11186,"Beth Grant"
11187,"Brad Dourif"
10306,"Tom Skerritt"
9552,"Max von Sydow"
9552,"Ellen Burstyn"
11586,"Max von Sydow"
11586,"James Earl Jones"
11586,"Ned Beatty"
941,"Mel Gibson"
941,"Danny Glover"
941,"Gary Busey"
941,"Mary Ellen Trainor"
942,"Mel Gibson"
942,"Danny Glover"
942,"Joe Pesci"
942,"Joss Ackland"
942,"Mary Ellen Trainor"
943,"Mel Gibson"
943,"Danny Glover"
943,"Joe Pesci"
943,"Mary Ellen Trainor"
927,"Dick Miller"
927,"Corey Feldman"
928,"Robert Prosky"
928,"Christopher Lee"
928,"Kathleen Freeman"
928,"Dick Miller"
928,"Frank Welker"
928,"Sylvester Stallone"
9340,"Corey Feldman"
9340,"Joe Pantoliano"
9340,"Martha Plimpton"
9340,"Mary Ellen Trainor"
9342,"Antonio Banderas"
9342,"Anthony Hopkins"
165,"Michael J. Fox"
165,"Christopher Lloyd"
165,"Elisabeth Shue"
165,"Billy Zane"
165,"Mary Ellen Trainor"
196,"Michael J. Fox"
196,"Christopher Lloyd"
196,"Elisabeth Shue"
551,"Gene Hackman"
551,"Ernest Borgnine"
551,"Roddy McDowall"
551,"Leslie Nielsen"
859,"Glenn Close"
859,"John Malkovich"
859,"Michelle Pfeiffer"
859,"Keanu Reeves"
859,"Uma Thurman"
841,"Brad Dourif"
841,"Patrick Stewart"
841,"Dean Stockwell"
841,"Max von Sydow"
841,"Sean Young"
11051,"Willem Dafoe"
11051,"Harvey Keitel"
11051,"Barbara Hershey"
11051,"Harry Dean Stanton"
11051,"Victor Argo"
242,"Al Pacino"
242,"Diane Keaton"
242,"Andy García"
242,"Joe Mantegna"
242,"Bridget Fonda"
242,"John Savage"
1411,"Will Patton"
9769,"Melanie Griffith"
9424,"Ethan Embry"
857,"Tom Hanks"
857,"Matt Damon"
857,"Tom Sizemore"
857,"Dennis Farina"
857,"Paul Giamatti"
10957,"Nigel Hawthorne"
10957,"John Hurt"
9570,"Ernest Borgnine"
9570,"Roddy McDowall"
9994,"Vincent Price"
10439,"Sarah Jessica Parker"
10439,"Kathleen Freeman"
11158,"Rick Moranis"
9354,"Rick Moranis"
9631,"Samuel L. Jackson"
9631,"Kevin Spacey"
9631,"David Morse"
9631,"J.T. Walsh"
9631,"Siobhan Fallon"
9631,"Paul Giamatti"
9631,"Paul Guilfoyle"
10849,"Jeff Daniels"
10849,"Danny Aiello"
10849,"John Wood"
10849,"Dianne Wiest"
10849,"Glenne Headly"
907,"Rod Steiger"
11974,"Tom Hanks"
11974,"Bruce Dern"
11974,"Carrie Fisher"
11974,"Corey Feldman"
11974,"Dick Miller"
793,"Dennis Hopper"
793,"Dean Stockwell"
793,"Brad Dourif"
9325,"Clint Howard"
10414,"Emilio Estevez"
10414,"Joss Ackland"
11135,"John Candy"
11135,"Frank Welker"
10249,"Alan Arkin"
10249,"Paul Sorvino"
10249,"Ed Lauter"
10249,"Margo Martindale"
10249,"Clint Howard"
24808,"Jason Robards"
24808,"Jonathan Pryce"
2619,"Tom Hanks"
2619,"Daryl Hannah"
2619,"John Candy"
97,"Jeff Bridges"
97,"David Warner"
11675,"Jamie Lee Curtis"
19158,"Brad Dourif"
227,"Matt Dillon"
227,"Emilio Estevez"
227,"Tom Cruise"
87,"Harrison Ford"
87,"Dan Aykroyd"
123,"John Hurt"
11336,"Christopher Walken"
11336,"Tom Skerritt"
11336,"Martin Sheen"
9980,"Emilio Estevez"
9980,"Pat Hingle"
9980,"Frankie Faison"
9980,"Giancarlo Esposito"
10489,"Ed Lauter"
11497,"Dom DeLuise"
2907,"Anjelica Huston"
2907,"Christopher Lloyd"
2907,"Christina Ricci"
2907,"Dan Hedaya"
9454,"Drew Barrymore"
9454,"Anjelica Huston"
8688,"Nicolas Cage"
8688,"John Heard"
8688,"Kevin Dunn"
8688,"Luis Guzmán"
8688,"Mike Starr"
118452,"Donal Logue"
23954,"Susan Sarandon"
23954,"Wallace Shawn"
23954,"Elias Koteas"
11837,"John Hurt"
11837,"Joss Ackland"
11837,"Nigel Hawthorne"
11704,"Dom DeLuise"
11639,"Frank Oz"
4978,"Dom DeLuise"
4978,"Christopher Plummer"
11976,"Tom Cruise"
11976,"Tim Curry"
15144,"Paul Dooley"
15144,"John Cusack"
15144,"Joan Cusack"
15144,"Brian Doyle-Murray"
9320,"Uma Thurman"
9320,"Sean Connery"
9320,"Jim Broadbent"
9320,"John Wood"
33644,"Angela Bassett"
33644,"Whoopi Goldberg"
33644,"Danny Glover"
77469,"Ben Stiller"
77469,"Nastassja Kinski"
36647,"Wesley Snipes"
36647,"Donal Logue"
36647,"Udo Kier"
4011,"Alec Baldwin"
4011,"Winona Ryder"
4011,"Michael Keaton"
4011,"Catherine O'Hara"
4011,"Jeffrey Jones"
1580,"James Stewart"
5854,"Bruce Dern"
5854,"Karen Black"
5854,"Ed Lauter"
5854,"Alfred Hitchcock"
5780,"Paul Newman"
506,"Sean Connery"
506,"Bruce Dern"
506,"Alfred Hitchcock"
22527,"Harry Dean Stanton"
574,"James Stewart"
574,"Sam Harris"
574,"Arthur Tovey"
574,"Alfred Hitchcock"
11219,"Shirley MacLaine"
11219,"Alfred Hitchcock"
845,"Leo G. Carroll"
845,"Alfred Hitchcock"
3682,"Salma Hayek"
3682,"Breckin Meyer"
847,"Val Kilmer"
847,"Kevin Pollak"
117,"Kevin Costner"
117,"Sean Connery"
117,"Andy García"
117,"Robert De Niro"
11462,"Cary Grant"
11462,"Leo G. Carroll"
10220,"Matt Damon"
10220,"John Turturro"
10220,"John Malkovich"
10220,"Famke Janssen"
10220,"Martin Landau"
22796,"Oliver Platt"
22796,"David Strathairn"
22796,"Jim Carrey"
22256,"Donald Sutherland"
22256,"Matthew Lillard"
12626,"William Hurt"
12626,"Albert Brooks"
12626,"Robert Prosky"
12626,"Joan Cusack"
12626,"Jack Nicholson"
12626,"John Cusack"
3525,"Harrison Ford"
3525,"Melanie Griffith"
3525,"Sigourney Weaver"
3525,"Alec Baldwin"
3525,"Joan Cusack"
3525,"Philip Bosco"
3525,"Oliver Platt"
3525,"Kevin Spacey"
3525,"Caroline Aaron"
2321,"Michelle Pfeiffer"
2321,"Matthew Modine"
2321,"Oliver Platt"
2321,"Alec Baldwin"
2321,"Dean Stockwell"
2321,"Joan Cusack"
2321,"Charles Napier"
2321,"Tracey Walter"
48311,"Demi Moore"
11933,"Chevy Chase"
11933,"Dan Aykroyd"
11933,"John Candy"
11933,"Demi Moore"
11933,"Raymond J. Barry"
11933,"Brian Doyle-Murray"
881,"Tom Cruise"
881,"Jack Nicholson"
881,"Demi Moore"
881,"Kevin Bacon"
881,"Kevin Pollak"
881,"J.T. Walsh"
881,"Kiefer Sutherland"
881,"Xander Berkeley"
4478,"Robert Redford"
4478,"Demi Moore"
4478,"Woody Harrelson"
4478,"Seymour Cassel"
4478,"Oliver Platt"
4478,"Billy Bob Thornton"
2109,"Jackie Chan"
2109,"Tom Wilkinson"
2109,"Philip Baker Hall"
8195,"Robert De Niro"
8195,"Stellan Skarsgård"
8195,"Jonathan Pryce"
9877,"Robert Englund"
24016,"John Malkovich"
1091,"Kurt Russell"
1091,"Keith David"
1091,"Richard Masur"
10403,"Tim Robbins"
10403,"Whoopi Goldberg"
10403,"Peter Gallagher"
10403,"Vincent D'Onofrio"
10403,"Dean Stockwell"
10403,"Richard E. Grant"
10403,"Jeremy Piven"
10403,"Gina Gershon"
10403,"Karen Black"
10403,"Gary Busey"
10403,"James Coburn"
10403,"John Cusack"
10403,"Paul Dooley"
10403,"Scott Glenn"
10403,"Jeff Goldblum"
10403,"Elliott Gould"
10403,"Anjelica Huston"
10403,"Jack Lemmon"
10403,"Andie MacDowell"
10403,"Malcolm McDowell"
10403,"Nick Nolte"
10403,"Julia Roberts"
10403,"Susan Sarandon"
10403,"Rod Steiger"
10403,"Lily Tomlin"
10403,"Bruce Willis"
11337,"Woody Allen"
11337,"Sharon Stone"
162,"Johnny Depp"
162,"Winona Ryder"
162,"Dianne Wiest"
162,"Alan Arkin"
162,"Vincent Price"
162,"Caroline Aaron"
8916,"Woody Allen"
8916,"Dan Aykroyd"
8916,"Anne Bancroft"
8916,"Danny Glover"
8916,"Gene Hackman"
8916,"John Mahoney"
8916,"Sylvester Stallone"
8916,"Sharon Stone"
8916,"Christopher Walken"
8916,"Jim Cummings"
9429,"Dan Hedaya"
9429,"Chazz Palminteri"
12159,"Robin Williams"
12159,"Annabella Sciorra"
12159,"Max von Sydow"
12159,"Lucinda Jenney"
27791,"Robert Englund"
10156,"Dom DeLuise"
10156,"Cloris Leachman"
10156,"John Hurt"
10156,"Nigel Hawthorne"
10377,"Joe Pesci"
10377,"Bruce McGill"
10377,"James Rebhorn"
4437,"John Lithgow"
4437,"Helen Mirren"
4437,"Bob Balaban"
1955,"Anthony Hopkins"
1955,"John Hurt"
1955,"Anne Bancroft"
1955,"John Gielgud"
11932,"Jennifer Tilly"
11932,"Brad Dourif"
6435,"Sandra Bullock"
6435,"Nicole Kidman"
6435,"Stockard Channing"
6435,"Dianne Wiest"
6435,"Aidan Quinn"
6435,"Margo Martindale"
10683,"Jon Lovitz"
10683,"Philip Seymour Hoffman"
10683,"Jared Harris"
9425,"Kurt Russell"
9425,"Gary Busey"
20701,"Christian Slater"
20701,"Steve Buscemi"
20701,"Julianne Moore"
20701,"William Hickey"
20701,"Alice Drummond"
20701,"James Remar"
73,"Beverly D'Angelo"
73,"Elliott Gould"
46889,"Danny DeVito"
46889,"Martin Donovan"
46889,"Richard Schiff"
46889,"Elias Koteas"
3033,"Ian McKellen"
3033,"Brendan Fraser"
9882,"Denzel Washington"
9882,"Bruce Willis"
9882,"Tony Shalhoub"
10663,"Kathy Bates"
10663,"Clint Howard"
10663,"Rob Schneider"
4518,"John Gielgud"
3600,"Bill Cobbs"
3600,"Jack Black"
297,"Brad Pitt"
297,"Anthony Hopkins"
297,"Jeffrey Tambor"
11893,"Jon Voight"
11893,"Danny Trejo"
14924,"Gary Oldman"
14924,"Xander Berkeley"
9798,"Gene Hackman"
9798,"Jon Voight"
9798,"Ian Hart"
9798,"Gabriel Byrne"
9798,"Jack Black"
9798,"Philip Baker Hall"
9798,"Jason Robards"
9798,"Tom Sizemore"
9798,"Tom Sizemore"
14444,"Whoopi Goldberg"
14444,"Tim Curry"
9487,"Kevin Spacey"
9487,"Bonnie Hunt"
9487,"Denis Leary"
9487,"Roddy McDowall"
10730,"Jeff Bridges"
10730,"Jessica Lange"
10730,"Ed Lauter"
31947,"Jeff Bridges"
31947,"Jessica Lange"
8130,Madonna
8130,"Aidan Quinn"
8130,"Laurie Metcalf"
8130,"Anna Levine"
8130,"Will Patton"
8130,"John Turturro"
8130,"Giancarlo Esposito"
8130,"Richard Edson"
8130,"Victor Argo"
9749,"Chevy Chase"
9749,"Joe Don Baker"
9749,"M. Emmet Walsh"
14628,"Chevy Chase"
14628,"R. Lee Ermey"
14628,"Phil Hartman"
9626,"Arnold Schwarzenegger"
10466,"Tom Hanks"
10466,"Joe Mantegna"
10466,"Philip Bosco"
10466,"Frankie Faison"
10466,"Michael Jeter"
707,"Christopher Walken"
9336,"Steve Guttenberg"
9447,"James Cromwell"
9447,"Glenne Headly"
9447,"Miriam Margolyes"
12257,"Drew Barrymore"
12257,"Catherine O'Hara"
10029,"Cameron Diaz"
10029,"Christian Slater"
10029,"Jeremy Piven"
11252,"Anne Heche"
11252,"Julianne Moore"
11252,"Viggo Mortensen"
11252,"William H. Macy"
11252,"Philip Baker Hall"
200,"Patrick Stewart"
200,"F. Murray Abraham"
9837,"Val Kilmer"
9837,"Patrick Stewart"
9837,"Michelle Pfeiffer"
9837,"Sandra Bullock"
9837,"Jeff Goldblum"
9837,"Danny Glover"
9837,"Helen Mirren"
9837,"Steve Martin"
11545,"Bill Murray"
11545,"Seymour Cassel"
11545,"Brian Cox"
1934,"Gwyneth Paltrow"
1934,"Tom Wilkinson"
1934,"Ben Affleck"
1934,"Simon Callow"
1934,"Rupert Everett"
13764,"John Lithgow"
1369,"Sylvester Stallone"
1369,"Charles Napier"
1368,"Sylvester Stallone"
1370,"Sylvester Stallone"
10303,"Michael Douglas"
10303,"Kathleen Turner"
10303,"Danny DeVito"
10303,"Holland Taylor"
9326,"Michael Douglas"
9326,"Kathleen Turner"
9326,"Danny DeVito"
9326,"Holland Taylor"
9326,"Mary Ellen Trainor"
11285,"Steve Guttenberg"
1367,"Sylvester Stallone"
1367,"Burt Young"
1371,"Sylvester Stallone"
1371,"Burt Young"
1374,"Sylvester Stallone"
1374,"Burt Young"
1375,"Sylvester Stallone"
1375,"Burt Young"
15196,"Tim Curry"
15196,"Christopher Lloyd"
15196,"Michael McKean"
15196,"Colleen Camp"
1885,"Elisabeth Shue"
5825,"Chevy Chase"
5825,"Beverly D'Angelo"
5825,"Randy Quaid"
5825,"Juliette Lewis"
5825,"William Hickey"
5825,"Brian Doyle-Murray"
9489,"Tom Hanks"
9489,"Meg Ryan"
9489,"Parker Posey"
9489,"Steve Zahn"
8741,"Sean Penn"
8741,"John Cusack"
8741,"Woody Harrelson"
8741,"Elias Koteas"
8741,"Nick Nolte"
8741,"John C. Reilly"
8741,"John Travolta"
8741,"Mark Boone Junior"
8741,"John Savage"
8741,"Philip Ettington"
9276,"Salma Hayek"
9276,"Famke Janssen"
9276,"Christopher McDonald"
9276,"Daniel von Bargen"
10312,"Robin Williams"
10312,"Philip Seymour Hoffman"
10312,"Bob Gunton"
10312,"Michael Jeter"
9422,"John Travolta"
9422,"Robert Duvall"
9422,"Tony Shalhoub"
9422,"William H. Macy"
9422,"John Lithgow"
9422,"Kathleen Quinlan"
9422,"James Gandolfini"
9422,"Dan Hedaya"
9422,"Daniel von Bargen"
10368,"Joan Plowright"
10368,"Lily Tomlin"
31662,"Nick Nolte"
31662,"James Coburn"
31662,"Sissy Spacek"
31662,"Willem Dafoe"
825,"Ellen Burstyn"
825,"Sean Connery"
825,"Dennis Quaid"
825,"Gena Rowlands"
825,"Nastassja Kinski"
9423,"Jamie Lee Curtis"
9423,"Donald Sutherland"
10658,"Jeffrey Jones"
10658,"Tim Robbins"
10658,"David Paymer"
10658,"Paul Guilfoyle"
10658,"Richard Edson"
11815,"Vincent Price"
11815,"Kathleen Freeman"
11815,"Bess Flowers"
9426,"Jeff Goldblum"
2620,"John Candy"
2620,"Robert Loggia"
2620,"Meg Ryan"
16337,"Dennis Hopper"
16780,"Renée Zellweger"
16780,"Matthew McConaughey"
192,"Sean Connery"
192,"Christian Slater"
192,"William Hickey"
192,"Ron Perlman"
192,"F. Murray Abraham"
10013,"Nicolas Cage"
10013,"Jim Carrey"
10013,"Kathleen Turner"
10013,"Lucinda Jenney"
11873,"Paul Newman"
11873,"Tom Cruise"
11873,"John Turturro"
11873,"Bill Cobbs"
11873,"Forest Whitaker"
10015,"Clint Eastwood"
10314,"Matthew Lillard"
10314,"Kevin Pollak"
2112,"Mel Gibson"
2112,"David Paymer"
2112,"James Coburn"
11622,"Brendan Fraser"
11622,"Christopher Walken"
11622,"Sissy Spacek"
10207,"Kevin Costner"
10207,"Paul Newman"
10207,"John Savage"
10207,"Illeana Douglas"
9849,"Jeff Daniels"
9849,"Daryl Hannah"
9849,"Christopher Lloyd"
9849,"Wallace Shawn"
9849,"Michael Lerner"
18892,"Carol Kane"
1542,"Richard Riehle"
1542,"John C. McGinley"
15256,"Ben Affleck"
15256,"Janeane Garofalo"
15256,"Martha Plimpton"
15256,"Christina Ricci"
8224,"Nicolas Cage"
8224,"James Gandolfini"
10671,"George Kennedy"
27932,"Charlton Heston"
27932,"Karen Black"
27932,"George Kennedy"
7227,"Jack Lemmon"
7227,"Joseph Cotten"
7227,"James Stewart"
7227,"George Kennedy"
7227,"Christopher Lee"
7227,"Kathleen Quinlan"
7227,"M. Emmet Walsh"
5919,"Paul Newman"
5919,"William Holden"
5919,"Faye Dunaway"
871,"Charlton Heston"
871,"Roddy McDowall"
1685,"Charlton Heston"
1705,"Roddy McDowall"
1705,"Colleen Camp"
1688,"Roddy McDowall"
1687,"Roddy McDowall"
1687,"M. Emmet Walsh"
1687,"Arthur Tovey"
11123,"Charlton Heston"
11123,"George Kennedy"
11123,"Walter Matthau"
29723,"George Kennedy"
29723,"Ed Begley Jr."
9535,"Robert De Niro"
9535,"Billy Crystal"
9535,"Chazz Palminteri"
9455,"Brian Cox"
30943,"Michelle Pfeiffer"
30943,"Whoopi Goldberg"
30943,"Lucinda Jenney"
22345,"Kathleen Turner"
22345,"Christopher Lloyd"
22345,"Dom DeLuise"
1641,"Sandra Bullock"
1641,"Ben Affleck"
1641,"Steve Zahn"
1641,"Richard Schiff"
16379,"Claire Danes"
16379,"Dennis Farina"
16379,"Richard Jenkins"
603,"Keanu Reeves"
603,"Laurence Fishburne"
603,"Joe Pantoliano"
4951,"Larry Miller"
4951,"Allison Janney"
8970,"Steve Martin"
8970,"John Cleese"
9430,"Breckin Meyer"
11355,"Drew Barrymore"
11355,"David Arquette"
11355,"John C. Reilly"
18764,"Jackie Chan"
9465,"Glenn Close"
9465,"Julianne Moore"
9465,"Chris O'Donnell"
9465,"Charles S. Dutton"
9465,"Ned Beatty"
6522,"Eddie Murphy"
1946,"Jennifer Jason Leigh"
1946,"Ian Holm"
1946,"Willem Dafoe"
1844,"Sean Connery"
1844,"Will Patton"
1844,"Maury Chaykin"
1844,"Ving Rhames"
3309,"Bess Flowers"
8592,"Al Pacino"
8592,Madonna
8592,"Glenne Headly"
8592,"Dustin Hoffman"
8592,"James Caan"
8592,"William Forsythe"
8592,"Seymour Cassel"
8592,"Kathy Bates"
8592,"Paul Sorvino"
8592,"Charles Durning"
8592,"Catherine O'Hara"
564,"Brendan Fraser"
1893,"Liam Neeson"
1893,"Ewan McGregor"
1893,"Frank Oz"
1893,"Samuel L. Jackson"
1924,"Gene Hackman"
1924,"Ned Beatty"
8536,"Gene Hackman"
8536,"Ned Beatty"
11411,"Gene Hackman"
11411,"Jim Broadbent"
138,"Bela Lugosi"
36685,"Tim Curry"
36685,"Susan Sarandon"
30168,"Dan Aykroyd"
30168,"John Candy"
8974,"Arthur Tovey"
509,"Julia Roberts"
509,"Hugh Grant"
509,"Alec Baldwin"
509,"Simon Callow"
1090,"Armin Mueller-Stahl"
1090,"Vincent D'Onofrio"
62676,"David Strathairn"
817,"Heather Graham"
817,"Woody Harrelson"
14283,"Samuel L. Jackson"
37135,"Glenn Close"
37135,"Minnie Driver"
37135,"Nigel Hawthorne"
37135,"Lance Henriksen"
37135,"Wayne Knight"
37135,"Rosie O'Donnell"
2275,"John Travolta"
2275,"James Cromwell"
2275,"Timothy Hutton"
2275,"Daniel von Bargen"
2275,"James Woods"
2275,"Mark Boone Junior"
24137,"Minnie Driver"
24137,"Rupert Everett"
24137,"Julianne Moore"
24137,"Peter Vaughan"
9032,"Rob Schneider"
9032,"Steve Buscemi"
6488,"Jeff Daniels"
6488,"John Goodman"
8487,"Kevin Kline"
8487,"Kenneth Branagh"
8487,"Salma Hayek"
8487,"M. Emmet Walsh"
8487,"Ian Abercrombie"
10208,"Frank Oz"
10208,"Jeffrey Tambor"
10208,"F. Murray Abraham"
10208,"Rob Schneider"
10208,"David Arquette"
10208,"Andie MacDowell"
10208,"Pat Hingle"
345,"Tom Cruise"
345,"Nicole Kidman"
345,"Alan Cumming"
345,"Philip Ettington"
9825,"Bill Pullman"
9825,"Bridget Fonda"
9825,"Oliver Platt"
620,"Bill Murray"
620,"Dan Aykroyd"
620,"Sigourney Weaver"
620,"Rick Moranis"
620,"Ernie Hudson"
620,"Alice Drummond"
2978,"Bill Murray"
2978,"Dan Aykroyd"
2978,"Sigourney Weaver"
2978,"Rick Moranis"
2978,"Ernie Hudson"
2978,"Mary Ellen Trainor"
2978,"Kevin Dunn"
2978,"Brian Doyle-Murray"
2978,"Max von Sydow"
10490,"Kirsten Dunst"
10490,"Allison Janney"
11618,"Liam Neeson"
11618,"Lili Taylor"
11618,"Bruce Dern"
8914,"Michael Rapaport"
8914,"Samuel L. Jackson"
8914,"Stellan Skarsgård"
8914,"Frank Welker"
9824,"Ben Stiller"
9824,"William H. Macy"
9824,"Hank Azaria"
9824,"Janeane Garofalo"
4806,"Julia Roberts"
4806,"Richard Gere"
4806,"Joan Cusack"
4806,"Héctor Elizondo"
4806,"Paul Dooley"
4806,"Donal Logue"
4806,"Laurie Metcalf"
4806,"Larry Miller"
967,"George Kennedy"
21185,"Jeff Goldblum"
21185,"Michael Lerner"
21185,"Steve Buscemi"
21185,"Max Perlich"
10136,"Eddie Murphy"
10136,"James Hong"
873,"Whoopi Goldberg"
873,"Danny Glover"
873,"Laurence Fishburne"
108312,"Matt Dillon"
108312,"Art Evans"
108312,"Ving Rhames"
11416,"Robert De Niro"
11416,"Aidan Quinn"
11416,"Liam Neeson"
10776,"Rick Moranis"
10776,"Steve Martin"
10776,"John Candy"
10776,"Bill Murray"
10776,"Miriam Margolyes"
10776,"Jim Belushi"
16406,"Kirsten Dunst"
16406,"Dan Hedaya"
16406,"Harry Shearer"
10386,"Christopher McDonald"
10386,"John Mahoney"
10386,"Cloris Leachman"
10386,"M. Emmet Walsh"
745,"Bruce Willis"
913,"Pierce Brosnan"
913,"Denis Leary"
913,"Frankie Faison"
913,"Faye Dunaway"
17707,"Claire Danes"
17707,"Bill Pullman"
48781,"Antonio Banderas"
48781,"Harry Dean Stanton"
29056,"Vincent Price"
29056,"Peter Lorre"
29056,"Jack Nicholson"
28501,"Vincent Price"
10766,"William Holden"
10766,"Lance Henriksen"
813,"Leslie Nielsen"
11153,"Chevy Chase"
11153,"Beverly D'Angelo"
11153,"Randy Quaid"
11153,"John Candy"
11153,"Brian Doyle-Murray"
11153,"John Diehl"
2280,"Tom Hanks"
2280,"Robert Loggia"
2280,"John Heard"
2280,"Jon Lovitz"
9944,"Julia Roberts"
9944,"Denzel Washington"
9944,"John Lithgow"
9944,"John Heard"
9944,"Stanley Tucci"
10342,"Helen Mirren"
10342,"Jeffrey Tambor"
10342,"Michael McKean"
10366,"Jean-Claude Van Damme"
10366,"Xander Berkeley"
10366,"Daniel von Bargen"
22314,"Stanley Tucci"
1911,"Antonio Banderas"
2900,"Johnny Depp"
2900,"Charlize Theron"
2900,"Joe Morton"
2162,"Skeet Ulrich"
2162,"David Paymer"
14578,"Alec Baldwin"
14578,"Richard Jenkins"
14578,"George Martin"
10307,"Patricia Arquette"
10307,"Gabriel Byrne"
10307,"Jonathan Pryce"
11601,"Kevin Bacon"
11601,"Illeana Douglas"
11601,"Kevin Dunn"
26522,"Art Evans"
26522,"Denzel Washington"
14,"Kevin Spacey"
14,"Peter Gallagher"
14,"Allison Janney"
11001,"William Forsythe"
9453,"Malcolm McDowell"
9453,"Helen Mirren"
9453,"John Gielgud"
24153,"Gary Busey"
11797,"Roddy McDowall"
11797,"Art Evans"
10669,"Jon Voight"
10669,"Ned Beatty"
11527,"Helen Mirren"
11527,"Patrick Stewart"
11527,"Liam Neeson"
11527,"Gabriel Byrne"
11326,"Jack Nicholson"
10398,"Tommy Lee Jones"
60994,"Stephen Rea"
60994,"Gina Gershon"
60994,"Paul Dooley"
15198,"Hank Azaria"
15198,"Colm Meaney"
15198,"Maury Chaykin"
15198,"Michael McKean"
6415,"Mykelti Williamson"
24066,"Steve Zahn"
24066,"William H. Macy"
24066,"Ron Perlman"
24066,"Illeana Douglas"
24066,"Paul Dooley"
10349,"Timothy Hutton"
10349,"Michael Rooker"
10349,"Beth Grant"
29787,"Stanley Tucci"
10576,"Robert Loggia"
12618,"Harrison Ford"
12618,"Kristin Scott Thomas"
12618,"Charles S. Dutton"
12618,"Bonnie Hunt"
12618,"Richard Jenkins"
12618,"Paul Guilfoyle"
12618,"Bill Cobbs"
10388,"Luis Guzmán"
9346,"Tom Cruise"
9346,"Sean Penn"
9346,"Joe Pantoliano"
9346,"Richard Masur"
861,"Arnold Schwarzenegger"
861,"Sharon Stone"
861,"Michael Ironside"
9377,"Matthew Broderick"
9377,"Jeffrey Jones"
9377,"Charlie Sheen"
9377,"Charlie Sheen"
11541,"Mel Gibson"
11541,"Sigourney Weaver"
11901,"Clint Eastwood"
4929,"Clint Eastwood"
4929,"Pat Hingle"
4929,"Bruce Dern"
4929,"Dennis Hopper"
18254,"Diane Keaton"
18254,"Jack Nicholson"
18254,"Paul Sorvino"
18254,"M. Emmet Walsh"
18254,"Gene Hackman"
18254,"Miriam Margolyes"
19997,"Joseph Cotten"
1654,"Ernest Borgnine"
1654,"George Kennedy"
1654,"Donald Sutherland"
1654,"Dick Miller"
658,"Sean Connery"
657,"Sean Connery"
646,"Sean Connery"
391,"Clint Eastwood"
8052,"Philip Baker Hall"
8052,"Gwyneth Paltrow"
8052,"John C. Reilly"
8052,"Samuel L. Jackson"
8052,"Philip Seymour Hoffman"
772,"Joe Pesci"
772,"Catherine O'Hara"
772,"John Heard"
772,"Tim Curry"
772,"Rob Schneider"
550,"Brad Pitt"
550,"Helena Bonham Carter"
12220,"Bruce Willis"
12220,"Michelle Pfeiffer"
36819,"Sean Connery"
36819,"John Cleese"
36819,"Ian Holm"
36819,"Peter Vaughan"
36819,"David Warner"
36819,"Jim Broadbent"
11562,"Woody Allen"
11562,"Martin Landau"
11562,"Anjelica Huston"
11562,"Caroline Aaron"
11562,"Daryl Hannah"
11562,"Victor Argo"
5548,"Miguel Ferrer"
856,"Bob Hoskins"
856,"Christopher Lloyd"
856,"Kathleen Turner"
856,"Frank Welker"
660,"Sean Connery"
11377,"Famke Janssen"
11377,"Peter Gallagher"
11377,"Bridgette Wilson"
11377,"Max Perlich"
26149,"Meryl Streep"
26149,"Angela Bassett"
26149,"Cloris Leachman"
26149,"Aidan Quinn"
26149,"Jay O. Sanders"
492,"John Cusack"
492,"Cameron Diaz"
492,"Charlie Sheen"
492,"John Malkovich"
492,"Sean Penn"
492,"Brad Pitt"
492,"Dustin Hoffman"
492,"Winona Ryder"
2020,"Chris O'Donnell"
2020,"Renée Zellweger"
2020,"James Cromwell"
9481,"Denzel Washington"
9481,"Michael Rooker"
9481,"Luis Guzmán"
9008,"Al Pacino"
9008,"Christopher Plummer"
9008,"Bruce McGill"
9008,"Philip Baker Hall"
9008,"Debi Mazar"
9008,"Stephen Tobolowsky"
9008,"Gina Gershon"
9008,"Michael Gambon"
9008,"Rip Torn"
9008,"Breckin Meyer"
16281,"Leslie Nielsen"
16281,"Ed Harris"
16288,"George Kennedy"
476,"Matt Dillon"
476,"Heather Graham"
476,"Max Perlich"
476,"James Remar"
37094,"Michael Douglas"
37094,"Robert Duvall"
37094,"Barbara Hershey"
37094,"Raymond J. Barry"
37094,"John Diehl"
21610,"Sylvester Stallone"
957,"Rick Moranis"
957,"Bill Pullman"
957,"John Candy"
957,"John Hurt"
957,"Stephen Tobolowsky"
957,"Dom DeLuise"
957,"Phil Hartman"
957,"John Hurt"
62204,"Ron Perlman"
11040,"Dustin Hoffman"
11040,"Faye Dunaway"
11040,"Martin Balsam"
11040,"William Hickey"
11040,"M. Emmet Walsh"
1621,"Eddie Murphy"
1621,"Dan Aykroyd"
1621,"Jamie Lee Curtis"
1621,"Jim Belushi"
1621,"Frank Oz"
1621,"Giancarlo Esposito"
47941,"Chevy Chase"
47941,"Carrie Fisher"
21349,"Susan Sarandon"
21349,"John Diehl"
21349,"Caroline Aaron"
1832,"Ben Affleck"
1832,"Matt Damon"
1832,"Salma Hayek"
1832,"Janeane Garofalo"
10047,"Dustin Hoffman"
10047,"Faye Dunaway"
10047,"John Malkovich"
10047,"Tchéky Karyo"
9289,"Sean Connery"
9289,"Roddy McDowall"
9289,"Rod Steiger"
11165,"Martin Balsam"
11165,"Joseph Cotten"
11165,"Jason Robards"
4203,"Antonio Banderas"
24226,"Paul Newman"
24226,"Jack Warden"
24226,"Bruce Willis"
2668,"Johnny Depp"
2668,"Christina Ricci"
2668,"Christopher Walken"
2668,"Christopher Lee"
2668,"Michael Gambon"
2668,"Jeffrey Jones"
2668,"Martin Landau"
36643,"Pierce Brosnan"
36643,"John Cleese"
24276,"James Earl Jones"
24276,"David Strathairn"
24276,"Bob Gunton"
11393,"Robert Redford"
11393,"Glenn Close"
11393,"Robert Duvall"
11393,"Barbara Hershey"
11393,"Robert Prosky"
11393,"Michael Madsen"
11393,"Joe Don Baker"
10998,"Michael Douglas"
10998,"Glenn Close"
10998,"Anna Levine"
36094,"Robert De Niro"
36094,"Martha Plimpton"
9013,"Robert De Niro"
9013,"Dennis Farina"
9013,"Joe Pantoliano"
9013,"Philip Baker Hall"
2924,"Kurt Russell"
2924,"Robert De Niro"
2924,"Donald Sutherland"
2924,"Jennifer Jason Leigh"
2924,"Scott Glenn"
2924,"J.T. Walsh"
2924,"Clint Howard"
177,"Jeff Bridges"
177,"Robin Williams"
177,"Michael Jeter"
177,"Harry Shearer"
38557,"Mel Gibson"
38557,"Sissy Spacek"
38557,"Scott Glenn"
9946,"Arnold Schwarzenegger"
9946,"Gabriel Byrne"
9946,"Kevin Pollak"
9946,"Rod Steiger"
9946,"Miriam Margolyes"
9946,"Udo Kier"
863,"Tom Hanks"
863,"Joan Cusack"
863,"Wallace Shawn"
863,"Wayne Knight"
863,"Laurie Metcalf"
863,"R. Lee Ermey"
22267,"Skeet Ulrich"
22267,"Tom Wilkinson"
20024,"Stephen Rea"
20024,"Julianne Moore"
20024,"Ian Hart"
9586,"Tom Hanks"
9586,"Bruce Willis"
9586,"Melanie Griffith"
9586,"Morgan Freeman"
9586,"Kevin Dunn"
9586,"F. Murray Abraham"
9586,"Kirsten Dunst"
32669,"Jack Nicholson"
32669,"Harvey Keitel"
32669,"Tracey Walter"
32669,"James Hong"
32669,"Faye Dunaway"
10402,"Rob Schneider"
10402,"William Forsythe"
10402,"Richard Riehle"
497,"Tom Hanks"
497,"David Morse"
497,"Bonnie Hunt"
497,"James Cromwell"
497,"Michael Jeter"
497,"Sam Rockwell"
497,"Harry Dean Stanton"
1715,"Charlize Theron"
1715,"Delroy Lindo"
25188,"Jeff Bridges"
25188,"Cloris Leachman"
25188,"Ellen Burstyn"
25188,"Randy Quaid"
2277,"Robin Williams"
2277,"Sam Neill"
2277,"Oliver Platt"
2277,"Bradley Whitford"
10137,"Michael J. Fox"
10137,"Jeffrey Jones"
10137,"Brian Doyle-Murray"
10137,"Chazz Palminteri"
10137,"Steve Zahn"
10137,"Jennifer Tilly"
49948,"Steve Martin"
49948,"James Earl Jones"
334,"Julianne Moore"
334,"William H. Macy"
334,"John C. Reilly"
334,"Tom Cruise"
334,"Philip Baker Hall"
334,"Philip Seymour Hoffman"
334,"Jason Robards"
334,"Alfred Molina"
334,"Miriam Margolyes"
334,"Luis Guzmán"
30237,"Martin Donovan"
50116,"Nick Nolte"
50116,"Jeff Bridges"
50116,"Sharon Stone"
9563,"Al Pacino"
9563,"Cameron Diaz"
9563,"Dennis Quaid"
9563,"James Woods"
9563,"Matthew Modine"
9563,"John C. McGinley"
9563,"Charlton Heston"
1850,"Jim Carrey"
1850,"Danny DeVito"
1850,"Vincent Schiavelli"
1850,"Paul Giamatti"
1850,"Christopher Lloyd"
926,"Sigourney Weaver"
926,"Tony Shalhoub"
926,"Sam Rockwell"
1213,"Matt Damon"
1213,"Gwyneth Paltrow"
1213,"Philip Seymour Hoffman"
1213,"James Rebhorn"
1213,"Philip Baker Hall"
10471,"Michael Rapaport"
10400,"Denzel Washington"
10400,"Liev Schreiber"
10400,"Dan Hedaya"
10400,"David Paymer"
10400,"Rod Steiger"
20761,"Antonio Banderas"
20761,"Woody Harrelson"
20761,"Tom Sizemore"
20761,"Richard Masur"
20761,"Kevin Costner"
20761,"Wesley Snipes"
20761,"James Woods"
20761,"Jennifer Tilly"
10384,"Angela Bassett"
5924,"Dustin Hoffman"
10493,"Nicole Kidman"
10493,"Sam Neill"
10493,"Billy Zane"
13342,"Sean Penn"
13342,"Jennifer Jason Leigh"
13342,"Vincent Schiavelli"
13342,"Forest Whitaker"
13342,"Eric Stoltz"
13342,"James Russo"
13342,"Nicolas Cage"
35119,"Meryl Streep"
35119,"Sam Neill"
14919,"Dick Miller"
47620,"John Leguizamo"
75531,"Stockard Channing"
75531,"John Cleese"
1883,"Denzel Washington"
1883,"Angela Bassett"
1883,"Delroy Lindo"
1883,"Spike Lee"
1883,"Peter Boyle"
1883,"Christopher Plummer"
1883,"Debi Mazar"
1883,"Giancarlo Esposito"
1883,"Michael Imperioli"
1883,"Martin Donovan"
2005,"Whoopi Goldberg"
2005,"Harvey Keitel"
2005,"Bill Nunn"
6279,"Whoopi Goldberg"
6279,"James Coburn"
6279,"Michael Jeter"
11087,"Annabella Sciorra"
11087,"Ernie Hudson"
11087,"Julianne Moore"
7305,"Illeana Douglas"
7305,"John Malkovich"
9475,"Al Pacino"
9475,"Chris O'Donnell"
9475,"James Rebhorn"
9475,"Philip Seymour Hoffman"
9475,"Bradley Whitford"
8872,"Brian Doyle-Murray"
8872,"Colleen Camp"
11287,"Tom Hanks"
11287,Madonna
11287,"Jon Lovitz"
11287,"David Strathairn"
11287,"Bill Pullman"
11287,"Rosie O'Donnell"
9869,"Harrison Ford"
9869,"Samuel L. Jackson"
9869,"James Earl Jones"
9869,"Bob Gunton"
619,"Kevin Costner"
619,"Bill Cobbs"
619,"Mike Starr"
619,"Richard Schiff"
9374,"Meryl Streep"
9374,"Bruce Willis"
9374,"Mary Ellen Trainor"
11259,"Tom Cruise"
11259,"Nicole Kidman"
11259,"Robert Prosky"
11259,"Colm Meaney"
11259,"Jared Harris"
1923,"Heather Graham"
1923,"Harry Dean Stanton"
1923,"Kiefer Sutherland"
1923,"Miguel Ferrer"
10206,"Donald Sutherland"
10206,"David Arquette"
10206,"Ben Affleck"
12143,"Harvey Keitel"
12143,"Victor Argo"
12143,"Paul Calderon"
4234,"David Arquette"
4234,"Lance Henriksen"
4234,"Parker Posey"
4234,"Liev Schreiber"
4234,"Carrie Fisher"
9605,"Bridget Fonda"
9605,"Jennifer Jason Leigh"
9605,"Stephen Tobolowsky"
8374,"Willem Dafoe"
29076,"Sandra Bullock"
29076,"Liam Neeson"
29076,"Oliver Platt"
29076,"Richard Schiff"
1907,"Leonardo DiCaprio"
15655,"Jim Cummings"
14181,"Ben Affleck"
14181,"Siobhan Fallon"
10385,"Meg Ryan"
10385,"Diane Keaton"
10385,"Walter Matthau"
10385,"Cloris Leachman"
2787,"Keith David"
2069,"Bruce Willis"
2069,"Kevin Pollak"
2155,"Ben Affleck"
2155,"Charlize Theron"
2155,"Dennis Farina"
2155,"Donal Logue"
2155,"Danny Trejo"
25166,"Danny DeVito"
25166,"Jamie Lee Curtis"
25166,"Tracey Walter"
1831,Madonna
1831,"Rupert Everett"
1831,"Illeana Douglas"
11296,"Matthew Modine"
11296,"Nicolas Cage"
2067,"Tim Robbins"
2067,"Armin Mueller-Stahl"
622,"Johnny Depp"
622,"James Russo"
20283,"Dennis Quaid"
20283,"Paul Dooley"
5693,"Gene Hackman"
5693,"Barbara Hershey"
5693,"Dennis Hopper"
287,"Kevin Costner"
287,"Susan Sarandon"
287,"Tim Robbins"
968,"Al Pacino"
968,"Charles Durning"
968,"Carol Kane"
968,"Lance Henriksen"
838,"Richard Dreyfuss"
838,"Harrison Ford"
838,"Kathleen Quinlan"
820,"Kevin Costner"
820,"Tommy Lee Jones"
820,"Gary Oldman"
820,"Kevin Bacon"
820,"Michael Rooker"
820,"Jack Lemmon"
820,"Laurie Metcalf"
820,"Sissy Spacek"
820,"Joe Pesci"
820,"John Candy"
820,"Pruitt Taylor Vince"
820,"Jay O. Sanders"
820,"Walter Matthau"
820,"Donald Sutherland"
820,"Brian Doyle-Murray"
820,"Vincent D'Onofrio"
820,"Wayne Knight"
820,"Bob Gunton"
820,"Martin Sheen"
918,"Bruce Willis"
918,"Phil Hartman"
61178,"Jeff Bridges"
61178,"Rip Torn"
61178,"Glenne Headly"
462,"Julia Roberts"
462,"Tracey Walter"
1541,"Susan Sarandon"
1541,"Harvey Keitel"
1541,"Brad Pitt"
1541,"Michael Madsen"
1541,"Christopher McDonald"
1541,"Stephen Tobolowsky"
1541,"Lucinda Jenney"
8469,"Bruce McGill"
8469,"Kevin Bacon"
8469,"Donald Sutherland"
925,"Danny Aiello"
925,"Richard Edson"
925,"Giancarlo Esposito"
925,"Spike Lee"
925,"Bill Nunn"
925,"John Turturro"
925,"Frankie Faison"
925,"John Savage"
925,"Samuel L. Jackson"
41823,"Denzel Washington"
41823,"Spike Lee"
41823,"Wesley Snipes"
41823,"Giancarlo Esposito"
41823,"John Turturro"
41823,"Samuel L. Jackson"
41823,"Bill Nunn"
1713,"Spike Lee"
1713,"Annabella Sciorra"
1713,"John Turturro"
1713,"Brad Dourif"
1713,"Halle Berry"
1713,"Wesley Snipes"
1713,"Tim Robbins"
1713,"Samuel L. Jackson"
1713,"Michael Imperioli"
1713,"Michael Badalucco"
1713,"Debi Mazar"
13939,"Jeff Goldblum"
14373,"Laurence Fishburne"
24873,"Ed Lauter"
24873,"Martin Balsam"
996,"Bess Flowers"
1498,"Elias Koteas"
1498,"Sam Rockwell"
1498,"Corey Feldman"
1498,"Skeet Ulrich"
1497,"David Warner"
1497,"Frank Welker"
1499,"Corey Feldman"
1499,"Elias Koteas"
1880,"Charlie Sheen"
1880,"Harry Dean Stanton"
33762,"James Remar"
33762,"Laurence Fishburne"
33762,"Paul Calderon"
11690,"Jean-Claude Van Damme"
11690,"Forest Whitaker"
29143,"Faye Dunaway"
29143,"Tommy Lee Jones"
29143,"Brad Dourif"
801,"Robin Williams"
801,"Forest Whitaker"
801,"J.T. Walsh"
801,"Richard Edson"
2085,"Delroy Lindo"
16222,"Richard Schiff"
37722,"Ed Harris"
24748,"Paul Newman"
990,"Paul Newman"
840,"Richard Dreyfuss"
840,"Bob Balaban"
840,"Lance Henriksen"
2291,"Tim Robbins"
2291,"Danny Aiello"
2291,"Pruitt Taylor Vince"
2291,"Ving Rhames"
16620,"Joe Pantoliano"
526,"Matthew Broderick"
526,"Michelle Pfeiffer"
526,"Alfred Molina"
526,"John Wood"
13346,"Charlie Sheen"
13346,"Winona Ryder"
13346,"Jeremy Piven"
243,"John Cusack"
243,"Jack Black"
243,"Joan Cusack"
243,"Tim Robbins"
243,"Lili Taylor"
10501,"Kenneth Branagh"
10501,"Kevin Kline"
10501,"Jim Cummings"
10501,"Frank Welker"
11478,"Christopher McDonald"
6644,"James Caan"
879,"Robin Williams"
879,"Dustin Hoffman"
879,"Julia Roberts"
879,"Bob Hoskins"
879,"Gwyneth Paltrow"
879,"Glenn Close"
879,"Carrie Fisher"
11327,"Randy Quaid"
11327,"John Hurt"
1700,"James Caan"
1700,"Kathy Bates"
1700,"J.T. Walsh"
54087,"Billy Crystal"
54087,"David Paymer"
34322,"Anna Levine"
10774,"Faye Dunaway"
10774,"William Holden"
10774,"Robert Duvall"
10774,"Ned Beatty"
10774,"Lance Henriksen"
10083,"Kevin Costner"
10083,"Gene Hackman"
10083,"Sean Young"
10083,"Will Patton"
10083,"David Paymer"
10083,"Brad Pitt"
10747,"Clint Eastwood"
38809,"Robert Downey Jr."
38809,"Joe Pantoliano"
38809,"Ben Stiller"
10559,"Dennis Quaid"
20697,"David Arquette"
20697,"Oliver Platt"
20697,"Joe Pantoliano"
20697,"Martin Landau"
20697,"Kathleen Freeman"
2621,"Minnie Driver"
2621,"Robert Loggia"
2621,"Jim Belushi"
2621,"Bonnie Hunt"
10479,"Tommy Lee Jones"
10479,"Samuel L. Jackson"
10479,"Ben Kingsley"
10479,"Philip Baker Hall"
17339,"Harrison Ford"
13665,"John Gielgud"
12309,"Tom Hanks"
106,"Arnold Schwarzenegger"
