category,feature,importance
genres,Action,0
genres,Adventure,0
genres,Animation,0
genres,Comedy,0
genres,Crime,0
genres,Documentary,0
genres,Drama,0
genres,Family,0
genres,Fantasy,0
genres,Foreign,0
genres,History,0
genres,Horror,0
genres,Music,0
genres,Mystery,0
genres,Romance,0
genres,Science Fiction,0
genres,TV Movie,0
genres,Thriller,0
genres,War,0
genres,Western,0
crew,Abbas Kiarostami,0
crew,Abel Ferrara,0
crew,Adam McKay,0
crew,Adam Shankman,0
crew,Adrian Lyne,0
crew,Aki Kaurismäki,0
crew,Akira Kurosawa,0
crew,Akiva Goldsman,0
crew,Akiva Schaffer,0
crew,Alain Resnais,0
crew,Alan J. Pakula,0
crew,Alan Parker,0
crew,Alan Taylor,0
crew,Albert Hughes,0
crew,Albert Magnoli,0
crew,Albert Pyun,0
crew,Alejandro Amenábar,0
crew,Alejandro González Iñárritu,0
crew,Alessandro Carloni,0
crew,Alex Kurtzman,0
crew,Alex Proyas,0
crew,Alfonso Cuarón,0
crew,Alfred Hitchcock,0
crew,Allen Hughes,0
crew,Anatole Litvak,0
crew,Andrei Konchalovsky,0
crew,Andrew Adamson,0
crew,Andrew Davis,0
crew,Andrew Stanton,0
crew,Andrew V. McLaglen,0
crew,Andrzej Bartkowiak,0
crew,Andy Tennant,0
crew,Ang Lee,0
crew,Angelina Jolie,0
crew,Angus MacLane,0
crew,Anthony Hemingway,0
crew,Anthony Mann,0
crew,Anthony Minghella,0
crew,Anthony Russo,0
crew,Anthony Stacchi,0
crew,Antoine Fuqua,0
crew,Antonio Margheriti,0
crew,Antony Hoffman,0
crew,Arthur Hiller,0
crew,Ash Brannon,0
crew,Babak Najafi,0
crew,Baltasar Kormákur,0
crew,Barry Cook,0
crew,Barry Levinson,0
crew,Barry Sonnenfeld,0
crew,Baz Luhrmann,0
crew,Ben Affleck,0
crew,Ben Stiller,0
crew,Betty Thomas,0
crew,Bibo Bergeron,0
crew,Bill Condon,0
crew,Billy Wilder,0
crew,Björn Stein,0
crew,Blake Edwards,0
crew,Bobby Farrelly,0
crew,Brad Bird,0
crew,Brad Lewis,0
crew,Brad Peyton,0
crew,Brad Silberling,0
crew,Breck Eisner,0
crew,Brenda Chapman,0
crew,Brett Ratner,0
crew,Brian De Palma,0
crew,Brian Fee,0
crew,Brian Helgeland,0
crew,Brian Levant,0
crew,Brian Robbins,0
crew,Brian Taylor,0
crew,Bronwen Hughes,0
crew,Bruce Beresford,0
crew,Bryan Singer,0
crew,Buster Keaton,0
crew,Byron Howard,0
crew,Cameron Crowe,0
crew,Carl Rinsch,0
crew,Carlo Verdone,0
crew,Carlos Saldanha,0
crew,Carlos Saura,0
crew,Cecil B. DeMille,0
crew,Cedric Nicolas-Troyan,0
crew,Chang Cheh,0
crew,Charles Band,0
crew,Charles Shyer,0
crew,Charlie Chaplin,0
crew,Chris Buck,0
crew,Chris Butler,0
crew,Chris Columbus,0
crew,Chris McKay,0
crew,Chris Miller,0
crew,Chris Renaud,0
crew,Chris Sanders,0
crew,Chris Wedge,0
crew,Chris Weitz,0
crew,Chris Williams,0
crew,Christopher McQuarrie,0
crew,Christopher Miller,0
crew,Christopher Nolan,0
crew,Chuck Jones,0
crew,Chuck Russell,0
crew,Clarence Brown,0
crew,Clark Johnson,0
crew,Claude Chabrol,0
crew,Clay Kaytis,0
crew,Clint Eastwood,0
crew,Cody Cameron,0
crew,Colin Trevorrow,0
crew,Conrad Vernon,0
crew,Craig Gillespie,0
crew,D.J. Caruso,0
crew,D.W. Griffith,0
crew,Dan Bradley,0
crew,Dan Scanlon,0
crew,Dan St. Pierre,0
crew,Daniel Espinosa,0
crew,Daniel Lee,0
crew,Danny Cannon,0
crew,Darren Aronofsky,0
crew,Dave Green,0
crew,David Ayer,0
crew,David Bowers,0
crew,David Butler,0
crew,David Cronenberg,0
crew,David Dobkin,0
crew,David Fincher,0
crew,David Frankel,0
crew,David Koepp,0
crew,David Lowery,0
crew,David Lynch,0
crew,David O. Russell,0
crew,David S. Goyer,0
crew,David Silverman,0
crew,David Slade,0
crew,David Soren,0
crew,David Twohy,0
crew,David Yates,0
crew,Dean DeBlois,0
crew,Dean Israelite,0
crew,Dean Parisot,0
crew,Demian Lichtenstein,0
crew,Dennis Dugan,0
crew,Des McAnuff,0
crew,Dino Risi,0
crew,Dominic Sena,0
crew,Don Bluth,0
crew,Don Hahn,0
crew,Don Hall,0
crew,Don Michael Paul,0
crew,Don Siegel,0
crew,Donald Petrie,0
crew,Doug Lefler,0
crew,Doug Liman,0
crew,Doug Sweetland,0
crew,Douglas Sirk,0
crew,Duncan Jones,0
crew,Edgar Wright,0
crew,Edward Dmytryk,0
crew,Edward F. Cline,0
crew,Edward Zwick,0
crew,Elaine May,0
crew,Enzo G. Castellari,0
crew,Eric Brevig,0
crew,Eric Darnell,0
crew,Eric Goldberg,0
crew,Eric Leighton,0
crew,Ericson Core,0
crew,Ernst Lubitsch,0
crew,Espen Sandberg,0
crew,F. Gary Gray,0
crew,Federico Fellini,0
crew,Fergal Reilly,0
crew,Florent-Emilio Siri,0
crew,Florian Henckel von Donnersmarck,0
crew,Francis Ford Coppola,0
crew,Francis Glebas,0
crew,Francis Lawrence,0
crew,Frank Borzage,0
crew,Frank Capra,0
crew,Frank Coraci,0
crew,Frank Darabont,0
crew,Frank Miller,0
crew,Frank Oz,0
crew,François Truffaut,0
crew,Frederick Wiseman,0
crew,Fritz Lang,0
crew,Frédéric Forestier,0
crew,Félix Enríquez Alcalá,0
crew,Gabriele Muccino,0
crew,Galen T. Chu,0
crew,Gareth Edwards,0
crew,Garry Marshall,0
crew,Garth Jennings,0
crew,Gary Fleder,0
crew,Gary Goldman,0
crew,Gary McKendry,0
crew,Gary Ross,0
crew,Gary Shore,0
crew,Gary Sinyor,0
crew,Gary Trousdale,0
crew,Gary Winick,0
crew,Gavin Hood,0
crew,Gaëtan Brizzi,0
crew,Genndy Tartakovsky,0
crew,Geoff Murphy,0
crew,George Clooney,0
crew,George Cukor,0
crew,George Lucas,0
crew,George Marshall,0
crew,George Miller,0
crew,George Nolfi,0
crew,George Sidney,0
crew,George Stevens,0
crew,Georges Méliès,0
crew,Gerald Thomas,0
crew,Gil Kenan,0
crew,Glenn Ficarra,0
crew,Gordon Douglas,0
crew,Gore Verbinski,0
crew,Graham Annable,0
crew,Gregory Hoblit,0
crew,Griffin Dunne,0
crew,Guillermo del Toro,0
crew,Gus Van Sant,0
crew,Guy Ritchie,0
crew,Gábor Csupó,0
crew,Harald Zwart,0
crew,Harold Becker,0
crew,Harold Ramis,0
crew,Hendel Butoy,0
crew,Henry Hathaway,0
crew,Henry King,0
crew,Henry Koster,0
crew,Henry Selick,0
crew,Herbert Ross,0
crew,Hironobu Sakaguchi,0
crew,Hou Hsiao-hsien,0
crew,Howard Hawks,0
crew,Hoyt Yeatman,0
crew,Hugh Johnson,0
crew,Iain Softley,0
crew,Ingmar Bergman,0
crew,Ishirô Honda,0
crew,Ivan Reitman,0
crew,J. Lee Thompson,0
crew,J.J. Abrams,0
crew,Jack Conway,0
crew,Jack Sholder,0
crew,Jacques Tourneur,0
crew,James Algar,0
crew,James Bobin,0
crew,James Cameron,0
crew,James Foley,0
crew,James Gunn,0
crew,James Ivory,0
crew,James L. Brooks,0
crew,James Mangold,0
crew,James McTeigue,0
crew,James Wan,0
crew,Jan Pinkava,0
crew,Jan de Bont,0
crew,Jared Bush,0
crew,Javier Abad,0
crew,Jay Roach,0
crew,Jay Russell,0
crew,Jean Negulesco,0
crew,Jean Renoir,0
crew,Jean-Jacques Annaud,0
crew,Jean-Luc Godard,0
crew,Jean-Pierre Jeunet,0
crew,Jeff Newitt,0
crew,Jennifer Lee,0
crew,Jennifer Yuh Nelson,0
crew,Jeremiah S. Chechik,0
crew,Jerry Zucker,0
crew,Jesse Dylan,0
crew,Jesús Franco,0
crew,Jill Culton,0
crew,Jim Gillespie,0
crew,Jim Wynorski,0
crew,Jimmy Hayward,0
crew,Joachim Rønning,0
crew,Joby Harold,0
crew,Joe Carnahan,0
crew,Joe Dante,0
crew,Joe Johnston,0
crew,Joe Pytka,0
crew,Joe Ranft,0
crew,Joe Russo,0
crew,Joe Wright,0
crew,Joel Coen,0
crew,Joel Schumacher,0
crew,John Bruno,0
crew,John Carpenter,0
crew,John Dahl,0
crew,John Ford,0
crew,John Frankenheimer,0
crew,John Herzfeld,0
crew,John Huston,0
crew,John Irvin,0
crew,John Lasseter,0
crew,John Lee Hancock,0
crew,John Madden,0
crew,John McTiernan,0
crew,John Moore,0
crew,John Musker,0
crew,John Requa,0
crew,John Sanford,0
crew,John Singleton,0
crew,John Stevenson,0
crew,John Sturges,0
crew,John Woo,0
crew,Johnnie To,0
crew,Jon Amiel,0
crew,Jon Avnet,0
crew,Jon Favreau,0
crew,Jon M. Chu,0
crew,Jon Turteltaub,0
crew,Jonathan Demme,0
crew,Jonathan Frakes,0
crew,Jonathan Liebesman,0
crew,Jonathan Mostow,0
crew,Jordan Vogt-Roberts,0
crew,Jorge Blanco,0
crew,Joseph Kosinski,0
crew,Joseph L. Mankiewicz,0
crew,Joseph Losey,0
crew,Joseph Ruben,0
crew,Joseph Sargent,0
crew,Josh Trank,0
crew,Joss Whedon,0
crew,José Padilha,0
crew,Juan Diego Solanas,0
crew,Judd Apatow,0
crew,Julien Duvivier,0
crew,Justin Kurzel,0
crew,Justin Lin,0
crew,Karey Kirkpatrick,0
crew,Karyn Kusama,0
crew,Kathryn Bigelow,0
crew,Keenen Ivory Wayans,0
crew,Kelly Asbury,0
crew,Ken Annakin,0
crew,Ken Loach,0
crew,Kenneth Branagh,0
crew,Kerry Conran,0
crew,Kevin Bray,0
crew,Kevin Costner,0
crew,Kevin Lima,0
crew,Kevin Macdonald,0
crew,Kevin Reynolds,0
crew,Kim Ki-duk,0
crew,King Vidor,0
crew,Kinka Usher,0
crew,Kirk De Micco,0
crew,Kirk Wise,0
crew,Kris Pearn,0
crew,Kunihiko Yuyama,0
crew,Kyle Balda,0
crew,Lana Wachowski,0
crew,Larry Charles,0
crew,Lars von Trier,0
crew,Lasse Hallström,0
crew,Lawrence Guterman,0
crew,Lawrence Kasanoff,0
crew,Lawrence Kasdan,0
crew,Lee Tamahori,0
crew,Lee Unkrich,0
crew,Len Wiseman,0
crew,Les Mayfield,0
crew,Lewis Milestone,0
crew,Lilly Wachowski,0
crew,Lloyd Bacon,0
crew,Lorna Cook,0
crew,Louis Leterrier,0
crew,Louis Malle,0
crew,Luc Besson,0
crew,Lucio Fulci,0
crew,Luis Buñuel,0
crew,Luis Mandoki,0
crew,M. Night Shyamalan,0
crew,Marc Forster,0
crew,Marc Lawrence,0
crew,Marc Webb,0
crew,Marco Brambilla,0
crew,Marco Ferreri,0
crew,Marco Schnabel,0
crew,Marcos Martínez,0
crew,Marcus Nispel,0
crew,Mario Bava,0
crew,Mario Monicelli,0
crew,Mark Andrews,0
crew,Mark Dindal,0
crew,Mark Neveldine,0
crew,Mark Osborne,0
crew,Mark Robson,0
crew,Mark Steven Johnson,0
crew,Mark Waters,0
crew,Martin Brest,0
crew,Martin Campbell,0
crew,Martin Ritt,0
crew,Martin Scorsese,0
crew,Mathieu Kassovitz,0
crew,Matt Reeves,0
crew,Matthew Vaughn,0
crew,McG,0
crew,Mel Gibson,0
crew,Mervyn LeRoy,0
crew,Michael Anderson,0
crew,Michael Apted,0
crew,Michael Bay,0
crew,Michael Caton-Jones,0
crew,Michael Curtiz,0
crew,Michael Lehmann,0
crew,Michael Lembeck,0
crew,Michael Mann,0
crew,Michael Patrick King,0
crew,Michael Powell,0
crew,Michael Ritchie,0
crew,Michael Winterbottom,0
crew,Michel Gondry,0
crew,Mikael Salomon,0
crew,Mike Gabriel,0
crew,Mike Mitchell,0
crew,Mike Newell,0
crew,Mike Nichols,0
crew,Mike Thurmeier,0
crew,Miloš Forman,0
crew,Mimi Leder,0
crew,Morten Tyldum,0
crew,Motonori Sakakibara,0
crew,Måns Mårlind,0
crew,Nancy Meyers,0
crew,Nathan Greno,0
crew,Neil Burger,0
crew,Neil Jordan,0
crew,Neil Nightingale,0
crew,Neill Blomkamp,0
crew,Nicholas Ray,0
crew,Nicholas Stoller,0
crew,Nikolaj Arcel,0
crew,Noam Murro,0
crew,Nora Ephron,0
crew,Norman Jewison,0
crew,Norman Taurog,0
crew,Norman Z. McLeod,0
crew,Oliver Hirschbiegel,0
crew,Oliver Stone,0
crew,Otto Preminger,0
crew,P.J. Hogan,0
crew,Patrick Gilmore,0
crew,Patrick Hughes,0
crew,Patty Jenkins,0
crew,Paul Brizzi,0
crew,Paul Feig,0
crew,Paul Greengrass,0
crew,Paul King,0
crew,Paul Tibbitt,0
crew,Paul Verhoeven,0
crew,Paul W.S. Anderson,0
crew,Paul Weitz,0
crew,Pete Docter,0
crew,Peter Berg,0
crew,Peter Billingsley,0
crew,Peter Chelsom,0
crew,Peter Farrelly,0
crew,Peter Hyams,0
crew,Peter Jackson,0
crew,Peter Lord,0
crew,Peter MacDonald,0
crew,Peter Ramsey,0
crew,Peter Segal,0
crew,Peter Sohn,0
crew,Peter Weir,0
crew,Peter Yates,0
crew,Peyton Reed,0
crew,Phil Alden Robinson,0
crew,Phil Karlson,0
crew,Phil Lord,0
crew,Phillip Noyce,0
crew,Phyllida Lloyd,0
crew,Pierre Coffin,0
crew,Pierre Morel,0
crew,Pitof,0
crew,Pixote Hunt,0
crew,Quentin Tarantino,0
crew,Rainer Werner Fassbinder,0
crew,Raja Gosnell,0
crew,Ralph Zondag,0
crew,Raman Hui,0
crew,Rand Ravich,0
crew,Randall Wallace,0
crew,Raoul Walsh,0
crew,Renny Harlin,0
crew,Rich Moore,0
crew,Richard Brooks,0
crew,Richard Donner,0
crew,Richard Fleischer,0
crew,Richard LaGravenese,0
crew,Richard Lester,0
crew,Richard Thorpe,0
crew,Ridley Scott,0
crew,Rob Bowman,0
crew,Rob Cohen,0
crew,Rob Letterman,0
crew,Rob Marshall,0
crew,Rob Minkoff,0
crew,Rob Reiner,0
crew,Robert Aldrich,0
crew,Robert Altman,0
crew,Robert Butler,0
crew,Robert De Niro,0
crew,Robert Luketic,0
crew,Robert Redford,0
crew,Robert Rodriguez,0
crew,Robert Schwentke,0
crew,Robert Stevenhagen,0
crew,Robert Stevenson,0
crew,Robert Stromberg,0
crew,Robert Wise,0
crew,Robert Z. Leonard,0
crew,Robert Zemeckis,0
crew,Roberto Rossellini,0
crew,Rod Lurie,0
crew,Roger Allers,0
crew,Roger Corman,0
crew,Roger Donaldson,0
crew,Roger Spottiswoode,0
crew,Roland Emmerich,0
crew,Roman Polanski,0
crew,Ron Clements,0
crew,Ron Howard,0
crew,Ron Shelton,0
crew,Ron Underwood,0
crew,Ronald F. Maxwell,0
crew,Roy Del Ruth,0
crew,Roy Ward Baker,0
crew,Ruben Fleischer,0
crew,Rupert Sanders,0
crew,Rupert Wyatt,0
crew,Ryan Murphy,0
crew,Ryan Polito,0
crew,Sam Fell,0
crew,Sam Mendes,0
crew,Sam Raimi,0
crew,Sam Weisman,0
crew,Sam Wood,0
crew,Samuel Fuller,0
crew,Satyajit Ray,0
crew,Scott Cooper,0
crew,Scott Derrickson,0
crew,Scott Stewart,0
crew,Scott Waugh,0
crew,Sean Anders,0
crew,Sergei Bodrov,0
crew,Sergio Martino,0
crew,Seth Gordon,0
crew,Seth MacFarlane,0
crew,Shane Black,0
crew,Shawn Levy,0
crew,Shekhar Kapur,0
crew,Shim Hyung-Rae,0
crew,Sidney J. Furie,0
crew,Sidney Lumet,0
crew,Simon J. Smith,0
crew,Simon Wells,0
crew,Simon West,0
crew,Spike Jonze,0
crew,Spike Lee,0
crew,Stanley Donen,0
crew,Stanley Kubrick,0
crew,Stanley Tong,0
crew,Stefen Fangmeier,0
crew,Stephen Chow,0
crew,Stephen Frears,0
crew,Stephen Herek,0
crew,Stephen Hopkins,0
crew,Stephen J. Anderson,0
crew,Stephen Norrington,0
crew,Stephen Sommers,0
crew,Stephen T. Kay,0
crew,Steve 'Spaz' Williams,0
crew,Steve Antin,0
crew,Steve Carr,0
crew,Steve Hickner,0
crew,Steve Martino,0
crew,Steve Oedekerk,0
crew,Steve Purcell,0
crew,Steven Soderbergh,0
crew,Steven Spielberg,0
crew,Steven Zaillian,0
crew,Stuart Baird,0
crew,Stuart Beattie,0
crew,Sydney Pollack,0
crew,Sylvester Stallone,0
crew,Takashi Miike,0
crew,Tarsem Singh,0
crew,Taylor Hackford,0
crew,Ted Demme,0
crew,Terence Fisher,0
crew,Terrence Malick,0
crew,Terry Gilliam,0
crew,Thomas Carter,0
crew,Thomas Langmann,0
crew,Thor Freudenthal,0
crew,Tim Burton,0
crew,Tim Hill,0
crew,Tim Johnson,0
crew,Tim Miller,0
crew,Tim Story,0
crew,Timur Bekmambetov,0
crew,Todd Phillips,0
crew,Tom Dey,0
crew,Tom Hooper,0
crew,Tom McGrath,0
crew,Tom Shadyac,0
crew,Tom Tykwer,0
crew,Tony Bancroft,0
crew,Tony Bill,0
crew,Tony Gilroy,0
crew,Tony Scott,0
crew,Travis Knight,0
crew,Tsui Hark,0
crew,Umberto Lenzi,0
crew,Uwe Boll,0
crew,Vicky Jenson,0
crew,Vincent Ward,0
crew,Vincente Minnelli,0
crew,Vittorio De Sica,0
crew,Volker Schlöndorff,0
crew,W.S. Van Dyke,0
crew,Wally Pfister,0
crew,Walt Dohrn,0
crew,Walter Hill,0
crew,Walter Lang,0
crew,Wayne Wang,0
crew,Werner Herzog,0
crew,Wes Ball,0
crew,Wes Craven,0
crew,Will Finn,0
crew,Will Gluck,0
crew,William A. Seiter,0
crew,William A. Wellman,0
crew,William Beaudine,0
crew,William Castle,0
crew,William Dieterle,0
crew,William Friedkin,0
crew,William K.L. Dickson ,0
crew,William Keighley,0
crew,William Wyler,0
crew,Wim Wenders,0
crew,Wolfgang Petersen,0
crew,Woody Allen,0
crew,Wych Kaosayananda,0
crew,Yasujirō Ozu,0
crew,Zack Snyder,0
crew,Zhang Yimou,0
crew,Éric Rohmer,0
actor,Aidan Quinn,0
actor,Al Pacino,0
actor,Alan Arkin,0
actor,Alan Cumming,0
actor,Albert Brooks,0
actor,Alec Baldwin,0
actor,Alfre Woodard,0
actor,Alfred Hitchcock,0
actor,Alfred Molina,0
actor,Alice Drummond,0
actor,Allison Janney,0
actor,Andie MacDowell,0
actor,Andy García,0
actor,Angela Bassett,0
actor,Anjelica Huston,0
actor,Anna Levine,0
actor,Annabella Sciorra,0
actor,Anne Bancroft,0
actor,Anne Heche,0
actor,Anthony Hopkins,0
actor,Antonio Banderas,0
actor,Armin Mueller-Stahl,0
actor,Arnold Schwarzenegger,0
actor,Art Evans,0
actor,Arthur Tovey,0
actor,Barbara Hershey,0
actor,Bela Lugosi,0
actor,Ben Affleck,0
actor,Ben Kingsley,0
actor,Ben Stiller,0
actor,Bess Flowers,0
actor,Beth Grant,0
actor,Beverly D'Angelo,0
actor,Bill Cobbs,0
actor,Bill Murray,0
actor,Bill Nunn,0
actor,Bill Paxton,0
actor,Bill Pullman,0
actor,Billy Bob Thornton,0
actor,Billy Crystal,0
actor,Billy Zane,0
actor,Bob Balaban,0
actor,Bob Gunton,0
actor,Bob Hoskins,0
actor,Bonnie Hunt,0
actor,Brad Dourif,0
actor,Brad Pitt,0
actor,Bradley Whitford,0
actor,Breckin Meyer,0
actor,Brendan Fraser,0
actor,Brian Cox,0
actor,Brian Doyle-Murray,0
actor,Bridget Fonda,0
actor,Bridgette Wilson,0
actor,Bruce Dern,0
actor,Bruce McGill,0
actor,Bruce Willis,0
actor,Burt Young,0
actor,Cameron Diaz,0
actor,Carol Kane,0
actor,Caroline Aaron,0
actor,Carrie Fisher,0
actor,Cary Elwes,0
actor,Cary Grant,0
actor,Catherine O'Hara,0
actor,Cathy Moriarty,0
actor,Charles Durning,0
actor,Charles Napier,0
actor,Charles S. Dutton,0
actor,Charlie Sheen,0
actor,Charlize Theron,0
actor,Charlton Heston,0
actor,Chazz Palminteri,0
actor,Chevy Chase,0
actor,Chris O'Donnell,0
actor,Christian Slater,0
actor,Christina Ricci,0
actor,Christopher Lee,0
actor,Christopher Lloyd,0
actor,Christopher McDonald,0
actor,Christopher Plummer,0
actor,Christopher Walken,0
actor,Claire Danes,0
actor,Clint Eastwood,0
actor,Clint Howard,0
actor,Cloris Leachman,0
actor,Colleen Camp,0
actor,Colm Meaney,0
actor,Corey Feldman,0
actor,Dan Aykroyd,0
actor,Dan Hedaya,0
actor,Daniel von Bargen,0
actor,Danny Aiello,0
actor,Danny DeVito,0
actor,Danny Glover,0
actor,Danny Trejo,0
actor,Daryl Hannah,0
actor,David Arquette,0
actor,David Morse,0
actor,David Ogden Stiers,0
actor,David Paymer,0
actor,David Strathairn,0
actor,David Warner,0
actor,Dean Stockwell,0
actor,Debi Mazar,0
actor,Debra Monk,0
actor,Delroy Lindo,0
actor,Demi Moore,0
actor,Denis Leary,0
actor,Dennis Farina,0
actor,Dennis Hopper,0
actor,Dennis Quaid,0
actor,Denzel Washington,0
actor,Diane Keaton,0
actor,Dianne Wiest,0
actor,Dick Miller,0
actor,Dom DeLuise,0
actor,Donal Logue,0
actor,Donald Sutherland,0
actor,Drew Barrymore,0
actor,Dustin Hoffman,0
actor,Ed Begley Jr.,0
actor,Ed Harris,0
actor,Ed Lauter,0
actor,Eddie Murphy,0
actor,Elias Koteas,0
actor,Elisabeth Shue,0
actor,Ellen Burstyn,0
actor,Elliott Gould,0
actor,Emilio Estevez,0
actor,Emma Thompson,0
actor,Eric Stoltz,0
actor,Ernest Borgnine,0
actor,Ernie Hudson,0
actor,Ethan Embry,0
actor,Ewan McGregor,0
actor,F. Murray Abraham,0
actor,Famke Janssen,0
actor,Faye Dunaway,0
actor,Forest Whitaker,0
actor,Frances McDormand,0
actor,Frank Oz,0
actor,Frank Welker,0
actor,Frankie Faison,0
actor,Gabriel Byrne,0
actor,Gary Busey,0
actor,Gary Oldman,0
actor,Gena Rowlands,0
actor,Gene Hackman,0
actor,George Kennedy,0
actor,George Martin,0
actor,Giancarlo Esposito,0
actor,Gina Gershon,0
actor,Gino Corrado,0
actor,Glenn Close,0
actor,Glenne Headly,0
actor,Gregory Peck,0
actor,Gwyneth Paltrow,0
actor,Gérard Depardieu,0
actor,Halle Berry,0
actor,Hank Azaria,0
actor,Harrison Ford,0
actor,Harry Dean Stanton,0
actor,Harry Shearer,0
actor,Harvey Keitel,0
actor,Heather Graham,0
actor,Helen Mirren,0
actor,Helena Bonham Carter,0
actor,Holland Taylor,0
actor,Hugh Grant,0
actor,Héctor Elizondo,0
actor,Ian Abercrombie,0
actor,Ian Hart,0
actor,Ian Holm,0
actor,Ian McKellen,0
actor,Illeana Douglas,0
actor,J.T. Walsh,0
actor,Jack Black,0
actor,Jack Lemmon,0
actor,Jack Nicholson,0
actor,Jack Warden,0
actor,Jackie Chan,0
actor,James Caan,0
actor,James Coburn,0
actor,James Cromwell,0
actor,James Earl Jones,0
actor,James Gandolfini,0
actor,James Hong,0
actor,James Rebhorn,0
actor,James Remar,0
actor,James Russo,0
actor,James Stewart,0
actor,James Woods,0
actor,Jamie Lee Curtis,0
actor,Janeane Garofalo,0
actor,Jared Harris,0
actor,Jason Robards,0
actor,Jay O. Sanders,0
actor,Jean-Claude Van Damme,0
actor,Jeff Bridges,0
actor,Jeff Daniels,0
actor,Jeff Goldblum,0
actor,Jeffrey Jones,0
actor,Jeffrey Tambor,0
actor,Jennifer Jason Leigh,0
actor,Jennifer Tilly,0
actor,Jeremy Piven,0
actor,Jessica Lange,0
actor,Jim Belushi,0
actor,Jim Broadbent,0
actor,Jim Carrey,0
actor,Jim Cummings,0
actor,Joan Cusack,0
actor,Joan Plowright,0
actor,Jodie Foster,0
actor,Joe Don Baker,0
actor,Joe Grifasi,0
actor,Joe Mantegna,0
actor,Joe Morton,0
actor,Joe Pantoliano,0
actor,Joe Pesci,0
actor,John C. McGinley,0
actor,John C. Reilly,0
actor,John Candy,0
actor,John Cleese,0
actor,John Cusack,0
actor,John Diehl,0
actor,John Gielgud,0
actor,John Goodman,0
actor,John Heard,0
actor,John Hurt,0
actor,John Leguizamo,0
actor,John Lithgow,0
actor,John Mahoney,0
actor,John Malkovich,0
actor,John Savage,0
actor,John Travolta,0
actor,John Turturro,0
actor,John Wood,0
actor,Johnny Depp,0
actor,Jon Lovitz,0
actor,Jon Voight,0
actor,Jonathan Pryce,0
actor,Joseph Cotten,0
actor,Joss Ackland,0
actor,Julia Roberts,0
actor,Julianne Moore,0
actor,Juliette Lewis,0
actor,Karen Black,0
actor,Kathleen Freeman,0
actor,Kathleen Quinlan,0
actor,Kathleen Turner,0
actor,Kathy Bates,0
actor,Keanu Reeves,0
actor,Keith David,0
actor,Kenneth Branagh,0
actor,Kevin Bacon,0
actor,Kevin Corrigan,0
actor,Kevin Costner,0
actor,Kevin Dunn,0
actor,Kevin Kline,0
actor,Kevin Pollak,0
actor,Kevin Spacey,0
actor,Kiefer Sutherland,0
actor,Kirsten Dunst,0
actor,Kristin Scott Thomas,0
actor,Kurt Russell,0
actor,Lance Henriksen,0
actor,Larry Miller,0
actor,Laurence Fishburne,0
actor,Laurie Metcalf,0
actor,Leo G. Carroll,0
actor,Leonardo DiCaprio,0
actor,Leslie Nielsen,0
actor,Liam Neeson,0
actor,Liev Schreiber,0
actor,Lili Taylor,0
actor,Lily Tomlin,0
actor,Lon Chaney Jr.,0
actor,Lucinda Jenney,0
actor,Luis Guzmán,0
actor,M. Emmet Walsh,0
actor,Madonna,0
actor,Malcolm McDowell,0
actor,Margo Martindale,0
actor,Mark Boone Junior,0
actor,Martha Plimpton,0
actor,Martin Balsam,0
actor,Martin Donovan,0
actor,Martin Landau,0
actor,Martin Sheen,0
actor,Mary Ellen Trainor,0
actor,Matt Damon,0
actor,Matt Dillon,0
actor,Matthew Broderick,0
actor,Matthew Lillard,0
actor,Matthew McConaughey,0
actor,Matthew Modine,0
actor,Maury Chaykin,0
actor,Max Perlich,0
actor,Max von Sydow,0
actor,Meg Ryan,0
actor,Mel Gibson,0
actor,Melanie Griffith,0
actor,Meryl Streep,0
actor,Michael Badalucco,0
actor,Michael Douglas,0
actor,Michael Gambon,0
actor,Michael Imperioli,0
actor,Michael Ironside,0
actor,Michael J. Fox,0
actor,Michael Jeter,0
actor,Michael Keaton,0
actor,Michael Lerner,0
actor,Michael Madsen,0
actor,Michael McKean,0
actor,Michael Rapaport,0
actor,Michael Rooker,0
actor,Michelle Pfeiffer,0
actor,Miguel Ferrer,0
actor,Mike Starr,0
actor,Minnie Driver,0
actor,Mira Sorvino,0
actor,Miriam Margolyes,0
actor,Morgan Freeman,0
actor,Mykelti Williamson,0
actor,Nastassja Kinski,0
actor,Ned Beatty,0
actor,Nick Nolte,0
actor,Nicolas Cage,0
actor,Nicole Kidman,0
actor,Nigel Hawthorne,0
actor,Oliver Platt,0
actor,Parker Posey,0
actor,Pat Flaherty,0
actor,Pat Hingle,0
actor,Patricia Arquette,0
actor,Patrick Stewart,0
actor,Paul Calderon,0
actor,Paul Dooley,0
actor,Paul Giamatti,0
actor,Paul Guilfoyle,0
actor,Paul Newman,0
actor,Paul Sorvino,0
actor,Pete Postlethwaite,0
actor,Peter Boyle,0
actor,Peter Gallagher,0
actor,Peter Lorre,0
actor,Peter Vaughan,0
actor,Phil Hartman,0
actor,Philip Baker Hall,0
actor,Philip Bosco,0
actor,Philip Ettington,0
actor,Philip Seymour Hoffman,0
actor,Pierce Brosnan,0
actor,Pruitt Taylor Vince,0
actor,R. Lee Ermey,0
actor,Randy Quaid,0
actor,Raymond J. Barry,0
actor,Renée Zellweger,0
actor,Richard Dreyfuss,0
actor,Richard E. Grant,0
actor,Richard Edson,0
actor,Richard Gere,0
actor,Richard Jenkins,0
actor,Richard Masur,0
actor,Richard Riehle,0
actor,Richard Schiff,0
actor,Rick Moranis,0
actor,Rip Torn,0
actor,Rob Schneider,0
actor,Robert De Niro,0
actor,Robert Downey Jr.,0
actor,Robert Duvall,0
actor,Robert Englund,0
actor,Robert Loggia,0
actor,Robert Prosky,0
actor,Robert Redford,0
actor,Robin Williams,0
actor,Rod Steiger,0
actor,Roddy McDowall,0
actor,Ron Perlman,0
actor,Rosie O'Donnell,0
actor,Rupert Everett,0
actor,Salma Hayek,0
actor,Sam Harris,0
actor,Sam Neill,0
actor,Sam Rockwell,0
actor,Samuel L. Jackson,0
actor,Sandra Bullock,0
actor,Sarah Jessica Parker,0
actor,Scott Glenn,0
actor,Sean Connery,0
actor,Sean Penn,0
actor,Sean Young,0
actor,Seymour Cassel,0
actor,Sharon Stone,0
actor,Shirley MacLaine,0
actor,Sigourney Weaver,0
actor,Simon Callow,0
actor,Siobhan Fallon,0
actor,Sissy Spacek,0
actor,Skeet Ulrich,0
actor,Spike Lee,0
actor,Stanley Tucci,0
actor,Stellan Skarsgård,0
actor,Stephen Rea,0
actor,Stephen Tobolowsky,0
actor,Steve Buscemi,0
actor,Steve Guttenberg,0
actor,Steve Martin,0
actor,Steve Zahn,0
actor,Stockard Channing,0
actor,Susan Sarandon,0
actor,Sylvester Stallone,0
actor,Tchéky Karyo,0
actor,Tim Curry,0
actor,Tim Robbins,0
actor,Tim Roth,0
actor,Timothy Hutton,0
actor,Tom Arnold,0
actor,Tom Cruise,0
actor,Tom Hanks,0
actor,Tom Sizemore,0
actor,Tom Skerritt,0
actor,Tom Wilkinson,0
actor,Tommy Lee Jones,0
actor,Tony Shalhoub,0
actor,Tracey Walter,0
actor,Udo Kier,0
actor,Uma Thurman,0
actor,Val Kilmer,0
actor,Vanessa Redgrave,0
actor,Victor Argo,0
actor,Viggo Mortensen,0
actor,Vincent D'Onofrio,0
actor,Vincent Price,0
actor,Vincent Schiavelli,0
actor,Ving Rhames,0
actor,Wallace Shawn,0
actor,Walter Matthau,0
actor,Ward Bond,0
actor,Wayne Knight,0
actor,Wesley Snipes,0
actor,Whoopi Goldberg,0
actor,Will Patton,0
actor,Willem Dafoe,0
actor,William Forsythe,0
actor,William H. Macy,0
actor,William Hickey,0
actor,William Holden,0
actor,William Hurt,0
actor,William Shatner,0
actor,Winona Ryder,0
actor,Woody Allen,0
actor,Woody Harrelson,0
actor,Xander Berkeley,0
budgetbin,0,0
budgetbin,1,0
budgetbin,2,0
Profitable,Profitable,0
